instance,num_jobs,num_machines,algorithm,makespan,bks,optimality_gap_pct,avg_flow_time,avg_machine_utilization_pct,runtime_s,status
abz5,10,10,MWKR,1451,1234,17.59,1356.5,53.57,0.0004,HEURISTIC
abz5,10,10,GA,2214,1234,79.42,1694.9,35.11,1.4845,HEURISTIC
abz5,10,10,Tabu,1995,1234,61.67,1566.3,38.96,1.1673,HEURISTIC
abz5,10,10,CP-SAT,1234,1234,0.0,1097.1,62.99,1.0163,OPTIMAL
abz6,10,10,MWKR,1288,943,36.59,1173.3,46.16,0.0004,HEURISTIC
abz6,10,10,GA,1946,943,106.36,1490.5,30.55,1.5288,HEURISTIC
abz6,10,10,Tabu,1330,943,41.04,1164.1,44.71,1.1503,HEURISTIC
abz6,10,10,CP-SAT,943,943,0.0,890.2,63.05,0.0962,OPTIMAL
abz7,20,15,MWKR,944,656,43.9,895.35,52.02,0.0026,HEURISTIC
abz7,20,15,GA,2294,656,249.7,1564.7,21.41,8.2932,HEURISTIC
abz7,20,15,Tabu,2122,656,223.48,1349.9,23.14,7.4182,HEURISTIC
abz7,20,15,CP-SAT,663,656,1.07,617.85,74.07,60.0138,FEASIBLE
abz8,20,15,MWKR,1102,665,65.71,1027.4,45.89,0.0031,HEURISTIC
abz8,20,15,GA,2544,665,282.56,1706.9,19.88,9.0071,HEURISTIC
abz8,20,15,Tabu,1977,665,197.29,1362.5,25.58,6.618,HEURISTIC
abz8,20,15,CP-SAT,684,665,2.86,634.45,73.94,60.0229,FEASIBLE
abz9,20,15,MWKR,1097,679,61.56,996.6,45.23,0.0026,HEURISTIC
abz9,20,15,GA,2327,679,242.71,1643.55,21.32,9.0791,HEURISTIC
abz9,20,15,Tabu,2200,679,224.01,1421.55,22.55,6.9535,HEURISTIC
abz9,20,15,CP-SAT,682,679,0.44,633.5,72.75,60.0119,FEASIBLE
ft06,6,6,MWKR,74,55,34.55,63.0,44.37,0.0001,HEURISTIC
ft06,6,6,GA,73,55,32.73,55.17,44.98,0.5808,HEURISTIC
ft06,6,6,Tabu,60,55,9.09,53.5,54.72,0.3814,HEURISTIC
ft06,6,6,CP-SAT,55,55,0.0,50.17,59.7,0.0067,OPTIMAL
ft10,10,10,MWKR,1289,930,38.6,1187.7,39.64,0.0006,HEURISTIC
ft10,10,10,GA,1493,930,60.54,1147.0,34.22,1.7161,HEURISTIC
ft10,10,10,Tabu,1335,930,43.55,1085.7,38.27,1.3254,HEURISTIC
ft10,10,10,CP-SAT,930,930,0.0,863.2,54.94,2.141,OPTIMAL
ft20,20,5,MWKR,2020,1165,73.39,1735.5,50.58,0.0007,HEURISTIC
ft20,20,5,GA,1495,1165,28.33,999.35,68.35,1.588,HEURISTIC
ft20,20,5,Tabu,1426,1165,22.4,1046.2,71.65,1.2351,HEURISTIC
ft20,20,5,CP-SAT,1165,1165,0.0,760.9,87.71,0.2668,OPTIMAL
la01,10,5,MWKR,880,666,32.13,775.6,64.75,0.0002,HEURISTIC
la01,10,5,GA,945,666,41.89,608.6,60.3,0.6564,HEURISTIC
la01,10,5,Tabu,783,666,17.57,573.1,72.77,0.4599,HEURISTIC
la01,10,5,CP-SAT,666,666,0.0,555.0,85.56,0.0071,OPTIMAL
la02,10,5,MWKR,982,655,49.92,846.8,53.83,0.0002,HEURISTIC
la02,10,5,GA,825,655,25.95,620.1,64.07,0.6273,HEURISTIC
la02,10,5,Tabu,731,655,11.6,579.7,72.31,0.4713,HEURISTIC
la02,10,5,CP-SAT,655,655,0.0,542.6,80.7,0.0482,OPTIMAL
la03,10,5,MWKR,797,597,33.5,733.1,59.8,0.0002,HEURISTIC
la03,10,5,GA,698,597,16.92,599.3,68.28,0.6608,HEURISTIC
la03,10,5,Tabu,789,597,32.16,479.4,60.41,0.5032,HEURISTIC
la03,10,5,CP-SAT,597,597,0.0,537.4,79.83,0.0352,OPTIMAL
la04,10,5,MWKR,1000,590,69.49,847.8,50.14,0.0002,HEURISTIC
la04,10,5,GA,737,590,24.92,625.3,68.03,0.5788,HEURISTIC
la04,10,5,Tabu,635,590,7.63,540.3,78.96,0.4493,HEURISTIC
la04,10,5,CP-SAT,590,590,0.0,509.4,84.98,0.0254,OPTIMAL
la05,10,5,MWKR,666,593,12.31,604.8,68.56,0.0002,HEURISTIC
la05,10,5,GA,687,593,15.85,541.5,66.46,0.6331,HEURISTIC
la05,10,5,Tabu,643,593,8.43,500.3,71.01,0.4608,HEURISTIC
la05,10,5,CP-SAT,593,593,0.0,511.6,77.0,0.0046,OPTIMAL
la06,15,5,MWKR,1151,926,24.3,1016.87,69.37,0.0004,HEURISTIC
la06,15,5,GA,1270,926,37.15,892.8,62.87,1.026,HEURISTIC
la06,15,5,Tabu,931,926,0.54,755.8,85.76,0.7478,HEURISTIC
la06,15,5,CP-SAT,926,926,0.0,823.33,86.22,0.0055,OPTIMAL
la07,15,5,MWKR,1108,890,24.49,982.87,67.6,0.0004,HEURISTIC
la07,15,5,GA,1107,890,24.38,735.73,67.66,1.0504,HEURISTIC
la07,15,5,Tabu,1012,890,13.71,783.0,74.01,0.7567,HEURISTIC
la07,15,5,CP-SAT,890,890,0.0,718.53,84.16,0.0142,OPTIMAL
la08,15,5,MWKR,1278,863,48.09,1098.2,59.86,0.0004,HEURISTIC
la08,15,5,GA,1140,863,32.1,887.47,67.11,0.9808,HEURISTIC
la08,15,5,Tabu,946,863,9.62,728.4,80.87,0.6949,HEURISTIC
la08,15,5,CP-SAT,863,863,0.0,741.07,88.64,0.0134,OPTIMAL
la09,15,5,MWKR,1270,951,33.54,1110.4,67.13,0.0004,HEURISTIC
la09,15,5,GA,1188,951,24.92,932.47,71.77,0.9735,HEURISTIC
la09,15,5,Tabu,1158,951,21.77,808.2,73.63,0.734,HEURISTIC
la09,15,5,CP-SAT,951,951,0.0,780.67,89.65,0.0114,OPTIMAL
la10,15,5,MWKR,1224,958,27.77,1060.07,65.69,0.0004,HEURISTIC
la10,15,5,GA,1307,958,36.43,890.67,61.51,1.0647,HEURISTIC
la10,15,5,Tabu,958,958,0.0,812.4,83.92,0.7041,HEURISTIC
la10,15,5,CP-SAT,958,958,0.0,803.67,83.92,0.0065,OPTIMAL
la11,20,5,MWKR,1552,1222,27.0,1368.6,68.96,0.0007,HEURISTIC
la11,20,5,GA,1658,1222,35.68,1183.25,64.55,1.4182,HEURISTIC
la11,20,5,Tabu,1413,1222,15.63,1073.7,75.74,1.1088,HEURISTIC
la11,20,5,CP-SAT,1222,1222,0.0,1038.15,87.58,0.0145,OPTIMAL
la12,20,5,MWKR,1276,1039,22.81,1126.0,73.29,0.0006,HEURISTIC
la12,20,5,GA,1386,1039,33.4,946.45,67.47,1.428,HEURISTIC
la12,20,5,Tabu,1251,1039,20.4,847.2,74.76,1.114,HEURISTIC
la12,20,5,CP-SAT,1039,1039,0.0,881.55,90.01,0.0516,OPTIMAL
la13,20,5,MWKR,1371,1150,19.22,1275.55,75.65,0.0007,HEURISTIC
la13,20,5,GA,1488,1150,29.39,1034.55,69.7,1.4038,HEURISTIC
la13,20,5,Tabu,1333,1150,15.91,1053.85,77.81,1.0042,HEURISTIC
la13,20,5,CP-SAT,1150,1150,0.0,1005.75,90.19,0.0081,OPTIMAL
la14,20,5,MWKR,1362,1292,5.42,1195.3,78.5,0.0007,HEURISTIC
la14,20,5,GA,1633,1292,26.39,1158.2,65.47,1.3895,HEURISTIC
la14,20,5,Tabu,1300,1292,0.62,1038.15,82.25,1.0447,HEURISTIC
la14,20,5,CP-SAT,1292,1292,0.0,1046.0,82.76,0.0088,OPTIMAL
la15,20,5,MWKR,1511,1207,25.19,1355.7,72.07,0.0009,HEURISTIC
la15,20,5,GA,1744,1207,44.49,1238.65,62.44,1.4043,HEURISTIC
la15,20,5,Tabu,1572,1207,30.24,1101.75,69.27,1.1254,HEURISTIC
la15,20,5,CP-SAT,1207,1207,0.0,1015.3,90.22,0.0546,OPTIMAL
la16,10,10,MWKR,1443,945,52.7,1256.9,37.08,0.0004,HEURISTIC
la16,10,10,GA,1626,945,72.06,1151.0,32.91,1.6213,HEURISTIC
la16,10,10,Tabu,1257,945,33.02,989.0,42.57,1.1754,HEURISTIC
la16,10,10,CP-SAT,945,945,0.0,873.8,56.62,0.1758,OPTIMAL
la17,10,10,MWKR,1135,784,44.77,1046.5,41.2,0.0004,HEURISTIC
la17,10,10,GA,1520,784,93.88,1022.8,30.76,1.5898,HEURISTIC
la17,10,10,Tabu,1099,784,40.18,901.5,42.55,1.2093,HEURISTIC
la17,10,10,CP-SAT,784,784,0.0,738.4,59.64,0.0276,OPTIMAL
la18,10,10,MWKR,1130,848,33.25,1070.6,45.89,0.0004,HEURISTIC
la18,10,10,GA,1488,848,75.47,1149.9,34.85,1.5646,HEURISTIC
la18,10,10,Tabu,1065,848,25.59,924.5,48.69,1.1561,HEURISTIC
la18,10,10,CP-SAT,848,848,0.0,779.4,61.16,0.0771,OPTIMAL
la19,10,10,MWKR,1188,842,41.09,1105.9,45.0,0.0004,HEURISTIC
la19,10,10,GA,1482,842,76.01,1183.8,36.07,1.5533,HEURISTIC
la19,10,10,Tabu,1603,842,90.38,1181.1,33.35,1.2579,HEURISTIC
la19,10,10,CP-SAT,842,842,0.0,784.6,63.49,0.4084,OPTIMAL
la20,10,10,MWKR,1404,902,55.65,1320.5,38.78,0.0004,HEURISTIC
la20,10,10,GA,1596,902,76.94,1281.5,34.12,1.5154,HEURISTIC
la20,10,10,Tabu,1184,902,31.26,969.0,45.99,1.1706,HEURISTIC
la20,10,10,CP-SAT,902,902,0.0,805.1,60.37,0.1068,OPTIMAL
la21,15,10,MWKR,1494,1046,42.83,1315.93,53.51,0.0009,HEURISTIC
la21,15,10,GA,2525,1046,141.4,1883.2,31.66,2.7914,HEURISTIC
la21,15,10,Tabu,2297,1046,119.6,1673.67,34.8,2.225,HEURISTIC
la21,15,10,CP-SAT,1046,1046,0.0,933.87,76.42,31.5563,OPTIMAL
la22,15,10,MWKR,1428,927,54.05,1312.13,51.27,0.0009,HEURISTIC
la22,15,10,GA,2017,927,117.58,1489.67,36.3,3.0473,HEURISTIC
la22,15,10,Tabu,1769,927,90.83,1287.73,41.39,2.2339,HEURISTIC
la22,15,10,CP-SAT,927,927,0.0,884.8,78.99,0.5922,OPTIMAL
la23,15,10,MWKR,1576,1032,52.71,1413.33,51.3,0.0011,HEURISTIC
la23,15,10,GA,2711,1032,162.69,1816.73,29.82,2.8612,HEURISTIC
la23,15,10,Tabu,2023,1032,96.03,1404.33,39.97,2.1505,HEURISTIC
la23,15,10,CP-SAT,1032,1032,0.0,966.33,78.34,0.1304,OPTIMAL
la24,15,10,MWKR,1693,935,81.07,1600.87,45.64,0.0009,HEURISTIC
la24,15,10,GA,2079,935,122.35,1598.47,37.17,2.7529,HEURISTIC
la24,15,10,Tabu,1668,935,78.4,1338.4,46.32,2.0681,HEURISTIC
la24,15,10,CP-SAT,935,935,0.0,893.53,82.64,6.6474,OPTIMAL
la25,15,10,MWKR,1495,977,53.02,1364.67,50.23,0.001,HEURISTIC
la25,15,10,GA,2331,977,138.59,1753.47,32.21,2.8306,HEURISTIC
la25,15,10,Tabu,1753,977,79.43,1334.27,42.84,2.1533,HEURISTIC
la25,15,10,CP-SAT,977,977,0.0,929.0,76.86,12.1409,OPTIMAL
la26,20,10,MWKR,1792,1218,47.13,1695.15,58.68,0.0019,HEURISTIC
la26,20,10,GA,2984,1218,144.99,2066.05,35.24,4.4213,HEURISTIC
la26,20,10,Tabu,2849,1218,133.91,1808.1,36.91,3.5095,HEURISTIC
la26,20,10,CP-SAT,1218,1218,0.0,1150.6,86.33,0.5156,OPTIMAL
la27,20,10,MWKR,1918,1235,55.3,1699.9,56.48,0.0018,HEURISTIC
la27,20,10,GA,3081,1235,149.47,2368.4,35.16,4.1724,HEURISTIC
la27,20,10,Tabu,2410,1235,95.14,1660.25,44.95,3.4739,HEURISTIC
la27,20,10,CP-SAT,1235,1235,0.0,1160.75,87.71,2.8729,OPTIMAL
la28,20,10,MWKR,2058,1216,69.24,1911.3,51.9,0.0016,HEURISTIC
la28,20,10,GA,3250,1216,167.27,2053.8,32.87,4.4089,HEURISTIC
la28,20,10,Tabu,2725,1216,124.1,1759.85,39.2,3.1819,HEURISTIC
la28,20,10,CP-SAT,1216,1216,0.0,1155.55,87.85,0.6085,OPTIMAL
la29,20,10,MWKR,1626,1152,41.15,1529.4,61.06,0.0018,HEURISTIC
la29,20,10,GA,3019,1152,162.07,2010.15,32.89,4.1499,HEURISTIC
la29,20,10,Tabu,2339,1152,103.04,1653.8,42.45,3.1293,HEURISTIC
la29,20,10,CP-SAT,1168,1152,1.39,1087.6,85.01,60.0167,FEASIBLE
la30,20,10,MWKR,1944,1355,43.47,1776.35,54.94,0.0022,HEURISTIC
la30,20,10,GA,3453,1355,154.83,2276.0,30.93,4.5376,HEURISTIC
la30,20,10,Tabu,2502,1355,84.65,1660.25,42.69,3.371,HEURISTIC
la30,20,10,CP-SAT,1355,1355,0.0,1187.25,78.82,0.334,OPTIMAL
la31,30,10,MWKR,2328,1784,30.49,2209.63,65.25,0.0036,HEURISTIC
la31,30,10,GA,4760,1784,166.82,3420.67,31.91,8.389,HEURISTIC
la31,30,10,Tabu,4257,1784,138.62,2626.93,35.68,6.575,HEURISTIC
la31,30,10,CP-SAT,1784,1784,0.0,1617.17,85.15,0.3033,OPTIMAL
la32,30,10,MWKR,2601,1850,40.59,2384.6,63.7,0.0038,HEURISTIC
la32,30,10,GA,4756,1850,157.08,3173.63,34.84,8.0884,HEURISTIC
la32,30,10,Tabu,4343,1850,134.76,2847.1,38.15,6.7782,HEURISTIC
la32,30,10,CP-SAT,1850,1850,0.0,1697.7,89.56,0.1018,OPTIMAL
la33,30,10,MWKR,2600,1719,51.25,2458.63,57.57,0.0034,HEURISTIC
la33,30,10,GA,4104,1719,138.74,2852.53,36.47,7.8198,HEURISTIC
la33,30,10,Tabu,3544,1719,106.17,2683.2,42.24,6.4402,HEURISTIC
la33,30,10,CP-SAT,1719,1719,0.0,1578.07,87.08,0.3514,OPTIMAL
la34,30,10,MWKR,2381,1721,38.35,2240.5,64.43,0.0034,HEURISTIC
la34,30,10,GA,4596,1721,167.05,2994.73,33.38,8.2327,HEURISTIC
la34,30,10,Tabu,3522,1721,104.65,2483.8,43.56,6.1934,HEURISTIC
la34,30,10,CP-SAT,1721,1721,0.0,1612.57,89.14,0.8428,OPTIMAL
la35,30,10,MWKR,2578,1888,36.55,2309.97,60.07,0.0036,HEURISTIC
la35,30,10,GA,5634,1888,198.41,3730.7,27.48,8.1311,HEURISTIC
la35,30,10,Tabu,3539,1888,87.45,2442.1,43.76,5.7913,HEURISTIC
la35,30,10,CP-SAT,1888,1888,0.0,1610.33,82.02,0.1912,OPTIMAL
la36,15,15,MWKR,1981,1268,56.23,1920.53,39.51,0.0015,HEURISTIC
la36,15,15,GA,4056,1268,219.87,2981.47,19.29,5.1078,HEURISTIC
la36,15,15,Tabu,2895,1268,128.31,2140.87,27.03,3.9584,HEURISTIC
la36,15,15,CP-SAT,1268,1268,0.0,1240.2,61.72,1.448,OPTIMAL
la37,15,15,MWKR,2087,1397,49.39,1958.87,40.15,0.0015,HEURISTIC
la37,15,15,GA,4389,1397,214.17,2756.47,19.09,5.5223,HEURISTIC
la37,15,15,Tabu,3297,1397,136.01,2473.13,25.42,4.2691,HEURISTIC
la37,15,15,CP-SAT,1397,1397,0.0,1316.27,59.98,0.4502,OPTIMAL
la38,15,15,MWKR,1860,1196,55.52,1756.0,40.2,0.0016,HEURISTIC
la38,15,15,GA,3232,1196,170.23,2462.07,23.14,5.1471,HEURISTIC
la38,15,15,Tabu,2974,1196,148.66,2102.53,25.14,4.195,HEURISTIC
la38,15,15,CP-SAT,1196,1196,0.0,1116.07,62.53,60.0183,FEASIBLE
la39,15,15,MWKR,1778,1233,44.2,1657.6,43.32,0.0021,HEURISTIC
la39,15,15,GA,3624,1233,193.92,2756.2,21.25,5.7582,HEURISTIC
la39,15,15,Tabu,2976,1233,141.36,1837.67,25.88,4.3011,HEURISTIC
la39,15,15,CP-SAT,1233,1233,0.0,1142.47,62.47,0.9794,OPTIMAL
la40,15,15,MWKR,1977,1222,61.78,1843.47,38.68,0.0018,HEURISTIC
la40,15,15,GA,3914,1222,220.29,2835.47,19.54,5.4765,HEURISTIC
la40,15,15,Tabu,3219,1222,163.42,2270.6,23.76,4.2225,HEURISTIC
la40,15,15,CP-SAT,1222,1222,0.0,1151.67,62.59,4.9205,OPTIMAL
orb01,10,10,MWKR,1716,1059,62.04,1507.0,31.52,0.0005,HEURISTIC
orb01,10,10,GA,1543,1059,45.7,1177.2,35.06,1.6669,HEURISTIC
orb01,10,10,Tabu,1570,1059,48.25,1075.5,34.45,1.2573,HEURISTIC
orb01,10,10,CP-SAT,1059,1059,0.0,927.1,51.08,8.3122,OPTIMAL
orb02,10,10,MWKR,1128,888,27.03,1039.8,46.59,0.0005,HEURISTIC
orb02,10,10,GA,1350,888,52.03,1016.8,38.93,1.6312,HEURISTIC
orb02,10,10,Tabu,1302,888,46.62,1024.2,40.36,1.2946,HEURISTIC
orb02,10,10,CP-SAT,888,888,0.0,826.4,59.18,0.3751,OPTIMAL
orb03,10,10,MWKR,1701,1005,69.25,1576.2,31.11,0.0006,HEURISTIC
orb03,10,10,GA,1697,1005,68.86,1192.8,31.18,1.695,HEURISTIC
orb03,10,10,Tabu,1432,1005,42.49,1048.2,36.96,1.2459,HEURISTIC
orb03,10,10,CP-SAT,1005,1005,0.0,861.1,52.66,2.149,OPTIMAL
orb04,10,10,MWKR,1369,1005,36.22,1278.3,41.11,0.0005,HEURISTIC
orb04,10,10,GA,1625,1005,61.69,1253.1,34.63,1.6475,HEURISTIC
orb04,10,10,Tabu,1930,1005,92.04,1402.2,29.16,1.2886,HEURISTIC
orb04,10,10,CP-SAT,1005,1005,0.0,949.7,56.0,0.8799,OPTIMAL
orb05,10,10,MWKR,1436,887,61.89,1220.3,34.18,0.0004,HEURISTIC
orb05,10,10,GA,1409,887,58.85,1073.2,34.83,1.646,HEURISTIC
orb05,10,10,Tabu,1101,887,24.13,802.7,44.58,1.1959,HEURISTIC
orb05,10,10,CP-SAT,887,887,0.0,789.3,55.33,0.5966,OPTIMAL
orb06,10,10,MWKR,1704,1010,68.71,1551.1,32.95,0.0005,HEURISTIC
orb06,10,10,GA,1989,1010,96.93,1336.0,28.23,1.6854,HEURISTIC
orb06,10,10,Tabu,1586,1010,57.03,1174.1,35.4,1.2487,HEURISTIC
orb06,10,10,CP-SAT,1010,1010,0.0,892.4,55.58,2.1449,OPTIMAL
orb07,10,10,MWKR,666,397,67.76,600.1,36.14,0.0004,HEURISTIC
orb07,10,10,GA,791,397,99.24,608.2,30.43,1.6859,HEURISTIC
orb07,10,10,Tabu,616,397,55.16,484.2,39.07,1.2513,HEURISTIC
orb07,10,10,CP-SAT,397,397,0.0,372.5,60.63,0.3289,OPTIMAL
orb08,10,10,MWKR,1754,899,95.11,1653.8,26.0,0.0004,HEURISTIC
orb08,10,10,GA,1343,899,49.39,915.0,33.95,1.7568,HEURISTIC
orb08,10,10,Tabu,1261,899,40.27,964.7,36.16,1.2441,HEURISTIC
orb08,10,10,CP-SAT,899,899,0.0,783.2,50.72,0.0828,OPTIMAL
orb09,10,10,MWKR,1262,934,35.12,1221.2,41.05,0.0004,HEURISTIC
orb09,10,10,GA,1701,934,82.12,1368.9,30.46,1.5673,HEURISTIC
orb09,10,10,Tabu,1518,934,62.53,1016.9,34.13,1.2184,HEURISTIC
orb09,10,10,CP-SAT,934,934,0.0,882.3,55.47,0.3491,OPTIMAL
orb10,10,10,MWKR,1726,944,82.84,1598.3,32.15,0.0005,HEURISTIC
orb10,10,10,GA,1620,944,71.61,1276.2,34.25,1.5442,HEURISTIC
orb10,10,10,Tabu,1210,944,28.18,1024.9,45.86,1.2032,HEURISTIC
orb10,10,10,CP-SAT,944,944,0.0,839.9,58.78,0.39,OPTIMAL
swv01,20,10,MWKR,2682,1407,90.62,2434.45,36.31,0.0018,HEURISTIC
swv01,20,10,GA,3171,1407,125.37,2066.1,30.71,4.5887,HEURISTIC
swv01,20,10,Tabu,2419,1407,71.93,1625.0,40.26,3.363,HEURISTIC
swv01,20,10,CP-SAT,1407,1407,0.0,1031.8,69.22,60.0127,FEASIBLE
swv02,20,10,MWKR,2526,1475,71.25,2291.7,39.59,0.0015,HEURISTIC
swv02,20,10,GA,3000,1475,103.39,2038.8,33.34,4.9729,HEURISTIC
swv02,20,10,Tabu,2513,1475,70.37,1641.35,39.8,3.8017,HEURISTIC
swv02,20,10,CP-SAT,1477,1475,0.14,1223.45,67.71,60.0477,FEASIBLE
swv03,20,10,MWKR,2485,1398,77.75,2363.4,39.82,0.0016,HEURISTIC
swv03,20,10,GA,3013,1398,115.52,1989.45,32.84,5.1114,HEURISTIC
swv03,20,10,Tabu,2615,1398,87.05,1817.85,37.84,3.9031,HEURISTIC
swv03,20,10,CP-SAT,1419,1398,1.5,1169.2,69.73,60.0106,FEASIBLE
swv04,20,10,MWKR,2738,1470,86.26,2588.55,37.4,0.002,HEURISTIC
swv04,20,10,GA,3294,1470,124.08,2202.8,31.09,5.316,HEURISTIC
swv04,20,10,Tabu,2541,1470,72.86,1633.5,40.3,3.7936,HEURISTIC
swv04,20,10,CP-SAT,1493,1470,1.56,1238.35,68.59,60.0156,FEASIBLE
swv05,20,10,MWKR,2754,1424,93.4,2505.45,36.66,0.0024,HEURISTIC
swv05,20,10,GA,2965,1424,108.22,2142.2,34.05,4.9445,HEURISTIC
swv05,20,10,Tabu,2608,1424,83.15,1763.7,38.72,3.4012,HEURISTIC
swv05,20,10,CP-SAT,1450,1424,1.83,1225.5,69.63,60.0275,FEASIBLE
swv06,20,15,MWKR,3157,1671,88.93,2932.3,32.18,0.005,HEURISTIC
swv06,20,15,GA,4671,1671,179.53,3261.1,21.75,8.8349,HEURISTIC
swv06,20,15,Tabu,3405,1671,103.77,2496.4,29.84,6.8577,HEURISTIC
swv06,20,15,CP-SAT,1738,1671,4.01,1545.8,58.45,60.0083,FEASIBLE
swv07,20,15,MWKR,2961,1594,85.76,2776.75,32.79,0.0045,HEURISTIC
swv07,20,15,GA,4649,1594,191.66,3065.0,20.88,8.5941,HEURISTIC
swv07,20,15,Tabu,3631,1594,127.79,2437.75,26.74,7.2615,HEURISTIC
swv07,20,15,CP-SAT,1675,1594,5.08,1530.3,57.97,60.0121,FEASIBLE
swv08,20,15,MWKR,3427,1751,95.72,3106.15,30.75,0.0045,HEURISTIC
swv08,20,15,GA,5355,1751,205.83,3368.45,19.68,8.9451,HEURISTIC
swv08,20,15,Tabu,4196,1751,139.63,2548.25,25.11,7.0569,HEURISTIC
swv08,20,15,CP-SAT,1833,1751,4.68,1614.65,57.49,60.0296,FEASIBLE
swv09,20,15,MWKR,2892,1655,74.74,2781.25,34.63,0.0044,HEURISTIC
swv09,20,15,GA,4909,1655,196.62,3182.2,20.4,8.9526,HEURISTIC
swv09,20,15,Tabu,3848,1655,132.51,2704.65,26.03,6.788,HEURISTIC
swv09,20,15,CP-SAT,1724,1655,4.17,1583.35,58.1,60.0348,FEASIBLE
swv10,20,15,MWKR,3268,1743,87.49,3145.65,32.1,0.0042,HEURISTIC
swv10,20,15,GA,5110,1743,193.17,3362.95,20.53,9.2465,HEURISTIC
swv10,20,15,Tabu,3635,1743,108.55,2573.7,28.86,6.7355,HEURISTIC
swv10,20,15,CP-SAT,1780,1743,2.12,1574.05,58.94,60.0201,FEASIBLE
swv11,50,10,MWKR,6058,2983,103.08,5639.2,41.93,0.0172,HEURISTIC
swv11,50,10,GA,8013,2983,168.62,4797.54,31.7,20.397,HEURISTIC
swv11,50,10,Tabu,6581,2983,120.62,4090.64,38.59,15.8929,HEURISTIC
swv11,50,10,CP-SAT,3185,2983,6.77,2165.64,79.75,60.0168,FEASIBLE
swv12,50,10,MWKR,6666,2972,124.29,6209.36,38.29,0.0147,HEURISTIC
swv12,50,10,GA,7800,2972,162.45,4879.22,32.73,20.5526,HEURISTIC
swv12,50,10,Tabu,6559,2972,120.69,3953.86,38.92,15.6061,HEURISTIC
swv12,50,10,CP-SAT,3135,2972,5.48,2172.52,81.42,60.0162,FEASIBLE
swv13,50,10,MWKR,6888,3104,121.91,6320.18,37.54,0.0147,HEURISTIC
swv13,50,10,GA,7597,3104,144.75,4934.48,34.04,19.5895,HEURISTIC
swv13,50,10,Tabu,6542,3104,110.76,3752.28,39.53,15.7269,HEURISTIC
swv13,50,10,CP-SAT,3351,3104,7.96,2416.24,77.17,60.0351,FEASIBLE
swv14,50,10,MWKR,5733,2968,93.16,5417.08,43.64,0.0144,HEURISTIC
swv14,50,10,GA,7284,2968,145.42,5068.76,34.35,20.1097,HEURISTIC
swv14,50,10,Tabu,6518,2968,119.61,4160.94,38.38,15.4186,HEURISTIC
swv14,50,10,CP-SAT,3142,2968,5.86,2222.04,79.62,60.0387,FEASIBLE
swv15,50,10,MWKR,5903,2885,104.61,5454.3,42.33,0.0161,HEURISTIC
swv15,50,10,GA,7505,2885,160.14,4824.62,33.3,20.8036,HEURISTIC
swv15,50,10,Tabu,6203,2885,115.01,3831.7,40.29,16.264,HEURISTIC
swv15,50,10,CP-SAT,3089,2885,7.07,2143.5,80.9,60.0351,FEASIBLE
swv16,50,10,MWKR,4237,2924,44.9,3873.18,59.79,0.0145,HEURISTIC
swv16,50,10,GA,8956,2924,206.29,5771.64,28.29,19.1252,HEURISTIC
swv16,50,10,Tabu,7056,2924,141.31,4422.12,35.9,16.4096,HEURISTIC
swv16,50,10,CP-SAT,2924,2924,0.0,2621.8,86.64,0.2062,OPTIMAL
swv17,50,10,MWKR,3783,2794,35.4,3563.08,64.66,0.0095,HEURISTIC
swv17,50,10,GA,9411,2794,236.83,5850.66,25.99,19.2555,HEURISTIC
swv17,50,10,Tabu,6101,2794,118.36,4446.2,40.09,14.8437,HEURISTIC
swv17,50,10,CP-SAT,2794,2794,0.0,2537.32,87.54,0.2969,OPTIMAL
swv18,50,10,MWKR,3842,2852,34.71,3317.98,64.21,0.0093,HEURISTIC
swv18,50,10,GA,8580,2852,200.84,5464.36,28.75,19.0837,HEURISTIC
swv18,50,10,Tabu,6254,2852,119.28,4141.82,39.45,15.6986,HEURISTIC
swv18,50,10,CP-SAT,2852,2852,0.0,2546.68,86.5,0.2356,OPTIMAL
swv19,50,10,MWKR,4486,2843,57.79,4017.3,57.06,0.0093,HEURISTIC
swv19,50,10,GA,8117,2843,185.51,5196.76,31.53,18.5865,HEURISTIC
swv19,50,10,Tabu,6739,2843,137.04,4456.64,37.98,15.5415,HEURISTIC
swv19,50,10,CP-SAT,2843,2843,0.0,2562.78,90.03,2.7091,OPTIMAL
swv20,50,10,MWKR,3939,2823,39.53,3599.18,62.5,0.0107,HEURISTIC
swv20,50,10,GA,8171,2823,189.44,5093.74,30.13,20.0383,HEURISTIC
swv20,50,10,Tabu,6158,2823,118.14,3770.74,39.98,15.1041,HEURISTIC
swv20,50,10,CP-SAT,2823,2823,0.0,2496.78,87.2,0.1298,OPTIMAL
ta01,15,15,MWKR,1865,1231,51.5,1775.2,41.72,0.0015,HEURISTIC
ta01,15,15,GA,3822,1231,210.48,2747.73,20.36,5.2335,HEURISTIC
ta01,15,15,Tabu,3475,1231,182.29,2198.0,22.39,4.1689,HEURISTIC
ta01,15,15,CP-SAT,1231,1231,0.0,1175.33,63.21,1.9563,OPTIMAL
ta02,15,15,MWKR,1968,1244,58.2,1766.07,38.47,0.0016,HEURISTIC
ta02,15,15,GA,3446,1244,177.01,2476.47,21.97,5.2351,HEURISTIC
ta02,15,15,Tabu,3301,1244,165.35,2313.07,22.93,4.0968,HEURISTIC
ta02,15,15,CP-SAT,1244,1244,0.0,1173.27,60.86,19.9613,OPTIMAL
ta03,15,15,MWKR,1942,1218,59.44,1818.0,38.38,0.0015,HEURISTIC
ta03,15,15,GA,3651,1218,199.75,2297.73,20.42,5.5568,HEURISTIC
ta03,15,15,Tabu,2951,1218,142.28,2263.47,25.26,4.1604,HEURISTIC
ta03,15,15,CP-SAT,1218,1218,0.0,1164.87,61.2,10.983,OPTIMAL
ta04,15,15,MWKR,1946,1175,65.62,1746.6,37.51,0.0015,HEURISTIC
ta04,15,15,GA,3230,1175,174.89,2519.87,22.6,5.5857,HEURISTIC
ta04,15,15,Tabu,2702,1175,129.96,1976.07,27.01,4.2506,HEURISTIC
ta04,15,15,CP-SAT,1175,1175,0.0,1131.53,62.12,13.7917,OPTIMAL
ta05,15,15,MWKR,1725,1224,40.93,1603.33,43.49,0.0016,HEURISTIC
ta05,15,15,GA,3158,1224,158.01,2551.87,23.75,5.9784,HEURISTIC
ta05,15,15,Tabu,2907,1224,137.5,2092.87,25.8,4.2478,HEURISTIC
ta05,15,15,CP-SAT,1224,1224,0.0,1164.47,61.29,60.0155,FEASIBLE
ta06,15,15,MWKR,1739,1238,40.47,1584.27,43.52,0.0023,HEURISTIC
ta06,15,15,GA,3553,1238,187.0,2329.13,21.3,5.4617,HEURISTIC
ta06,15,15,Tabu,3328,1238,168.82,2181.33,22.74,4.5355,HEURISTIC
ta06,15,15,CP-SAT,1247,1238,0.73,1163.47,60.68,60.0186,FEASIBLE
ta07,15,15,MWKR,1993,1227,62.43,1822.0,38.65,0.0028,HEURISTIC
ta07,15,15,GA,3905,1227,218.26,2938.73,19.72,5.5167,HEURISTIC
ta07,15,15,Tabu,3287,1227,167.89,2193.87,23.43,4.3334,HEURISTIC
ta07,15,15,CP-SAT,1232,1227,0.41,1174.4,62.52,60.014,FEASIBLE
ta08,15,15,MWKR,1898,1217,55.96,1796.93,40.05,0.0025,HEURISTIC
ta08,15,15,GA,3624,1217,197.78,2902.0,20.97,5.4843,HEURISTIC
ta08,15,15,Tabu,2960,1217,143.22,2229.8,25.68,4.4481,HEURISTIC
ta08,15,15,CP-SAT,1217,1217,0.0,1141.93,62.46,60.0116,FEASIBLE
ta09,15,15,MWKR,2057,1274,61.46,1902.67,38.36,0.0025,HEURISTIC
ta09,15,15,GA,3669,1274,187.99,2606.87,21.5,5.4675,HEURISTIC
ta09,15,15,Tabu,3716,1274,191.68,2402.13,21.23,4.1514,HEURISTIC
ta09,15,15,CP-SAT,1274,1274,0.0,1220.67,61.93,51.3644,OPTIMAL
ta10,15,15,MWKR,1828,1241,47.3,1724.47,41.42,0.0026,HEURISTIC
ta10,15,15,GA,3753,1241,202.42,2699.0,20.17,5.2417,HEURISTIC
ta10,15,15,Tabu,2824,1241,127.56,1932.93,26.81,4.2201,HEURISTIC
ta10,15,15,CP-SAT,1241,1241,0.0,1179.47,61.0,13.8022,OPTIMAL
ta11,20,15,MWKR,2225,1357,63.96,2021.95,43.29,0.0044,HEURISTIC
ta11,20,15,GA,4839,1357,256.6,3621.55,19.9,8.8508,HEURISTIC
ta11,20,15,Tabu,3910,1357,188.14,2575.1,24.63,6.7472,HEURISTIC
ta11,20,15,CP-SAT,1391,1357,2.51,1264.65,69.24,60.0136,FEASIBLE
ta12,20,15,MWKR,2266,1367,65.76,2091.6,45.78,0.0044,HEURISTIC
ta12,20,15,GA,4971,1367,263.64,3556.8,20.87,8.5393,HEURISTIC
ta12,20,15,Tabu,3753,1367,174.54,2950.9,27.64,6.65,HEURISTIC
ta12,20,15,CP-SAT,1378,1367,0.8,1288.4,75.27,60.0242,FEASIBLE
ta13,20,15,MWKR,2183,1342,62.67,2057.25,44.41,0.0044,HEURISTIC
ta13,20,15,GA,4203,1342,213.19,3079.2,23.06,8.1917,HEURISTIC
ta13,20,15,Tabu,3593,1342,167.73,2577.7,26.98,6.697,HEURISTIC
ta13,20,15,CP-SAT,1348,1342,0.45,1275.2,71.91,60.0198,FEASIBLE
ta14,20,15,MWKR,2313,1345,71.97,2191.4,41.25,0.0045,HEURISTIC
ta14,20,15,GA,4546,1345,237.99,3143.3,20.99,8.7755,HEURISTIC
ta14,20,15,Tabu,3464,1345,157.55,2586.55,27.54,6.3399,HEURISTIC
ta14,20,15,CP-SAT,1345,1345,0.0,1236.2,70.93,6.3487,OPTIMAL
ta15,20,15,MWKR,2335,1339,74.38,2140.05,41.66,0.0044,HEURISTIC
ta15,20,15,GA,5382,1339,301.94,3701.4,18.07,8.8092,HEURISTIC
ta15,20,15,Tabu,3971,1339,196.56,2683.15,24.5,6.7825,HEURISTIC
ta15,20,15,CP-SAT,1379,1339,2.99,1282.15,70.54,60.021,FEASIBLE
ta16,20,15,MWKR,2089,1360,53.6,1952.15,49.59,0.0044,HEURISTIC
ta16,20,15,GA,5831,1360,328.75,3691.95,17.77,8.8845,HEURISTIC
ta16,20,15,Tabu,4338,1360,218.97,2748.7,23.88,6.6835,HEURISTIC
ta16,20,15,CP-SAT,1375,1360,1.1,1343.15,75.35,60.0134,FEASIBLE
ta17,20,15,MWKR,2112,1462,44.46,1950.45,49.07,0.0044,HEURISTIC
ta17,20,15,GA,5065,1462,246.44,3565.7,20.46,8.8102,HEURISTIC
ta17,20,15,Tabu,4351,1462,197.61,2818.7,23.82,6.5643,HEURISTIC
ta17,20,15,CP-SAT,1462,1462,0.0,1384.55,70.88,46.2637,OPTIMAL
ta18,20,15,MWKR,2197,1396,57.38,2030.2,45.27,0.0044,HEURISTIC
ta18,20,15,GA,4874,1396,249.14,3004.65,20.41,8.6578,HEURISTIC
ta18,20,15,Tabu,3751,1396,168.7,2899.75,26.52,6.8416,HEURISTIC
ta18,20,15,CP-SAT,1429,1396,2.36,1315.85,69.6,60.0247,FEASIBLE
ta19,20,15,MWKR,2123,1332,59.38,1927.8,46.39,0.0044,HEURISTIC
ta19,20,15,GA,5231,1332,292.72,3532.1,18.83,9.0655,HEURISTIC
ta19,20,15,Tabu,3746,1332,181.23,2676.4,26.29,6.9032,HEURISTIC
ta19,20,15,CP-SAT,1365,1332,2.48,1314.95,72.15,60.0158,FEASIBLE
ta20,20,15,MWKR,1946,1348,44.36,1814.8,51.84,0.0045,HEURISTIC
ta20,20,15,GA,4913,1348,264.47,3655.8,20.53,8.5073,HEURISTIC
ta20,20,15,Tabu,3916,1348,190.5,2728.35,25.76,6.7828,HEURISTIC
ta20,20,15,CP-SAT,1383,1348,2.6,1326.35,72.95,60.0142,FEASIBLE
ta21,20,20,MWKR,2679,1642,63.15,2552.85,37.64,0.0066,HEURISTIC
ta21,20,20,GA,6749,1642,311.02,4564.65,14.94,14.2619,HEURISTIC
ta21,20,20,Tabu,6316,1642,284.65,4489.4,15.97,11.3787,HEURISTIC
ta21,20,20,CP-SAT,1667,1642,1.52,1566.2,60.49,60.0138,FEASIBLE
ta22,20,20,MWKR,2519,1600,57.44,2389.65,39.98,0.0065,HEURISTIC
ta22,20,20,GA,7082,1600,342.62,4509.45,14.22,13.8161,HEURISTIC
ta22,20,20,Tabu,6099,1600,281.19,4076.55,16.51,11.1178,HEURISTIC
ta22,20,20,CP-SAT,1625,1600,1.56,1576.8,61.98,60.0153,FEASIBLE
ta23,20,20,MWKR,2449,1557,57.29,2311.35,41.01,0.0066,HEURISTIC
ta23,20,20,GA,6708,1557,330.83,4929.05,14.97,13.3614,HEURISTIC
ta23,20,20,Tabu,5130,1557,229.48,4087.7,19.58,11.0399,HEURISTIC
ta23,20,20,CP-SAT,1592,1557,2.25,1496.05,63.08,60.0209,FEASIBLE
ta24,20,20,MWKR,2773,1647,68.37,2630.35,36.78,0.0065,HEURISTIC
ta24,20,20,GA,7826,1647,375.17,4669.95,13.03,14.3977,HEURISTIC
ta24,20,20,Tabu,5966,1647,262.23,4081.55,17.1,11.0495,HEURISTIC
ta24,20,20,CP-SAT,1664,1647,1.03,1581.0,61.3,60.0238,FEASIBLE
ta25,20,20,MWKR,2729,1595,71.1,2524.85,36.01,0.0066,HEURISTIC
ta25,20,20,GA,7612,1595,377.24,5155.2,12.91,14.795,HEURISTIC
ta25,20,20,Tabu,5748,1595,260.38,4291.2,17.1,11.0054,HEURISTIC
ta25,20,20,CP-SAT,1642,1595,2.95,1574.2,59.85,60.0189,FEASIBLE
ta26,20,20,MWKR,2319,1643,41.14,2183.4,44.4,0.0066,HEURISTIC
ta26,20,20,GA,7311,1643,344.98,4866.7,14.08,14.341,HEURISTIC
ta26,20,20,Tabu,7333,1643,346.32,4733.6,14.04,11.3515,HEURISTIC
ta26,20,20,CP-SAT,1679,1643,2.19,1624.95,61.33,60.0138,FEASIBLE
ta27,20,20,MWKR,2870,1680,70.83,2707.45,36.74,0.0066,HEURISTIC
ta27,20,20,GA,7561,1680,350.06,4935.1,13.95,14.8954,HEURISTIC
ta27,20,20,Tabu,6146,1680,265.83,4300.75,17.16,11.2113,HEURISTIC
ta27,20,20,CP-SAT,1728,1680,2.86,1637.5,61.03,60.026,FEASIBLE
ta28,20,20,MWKR,2621,1603,63.51,2459.75,38.54,0.0065,HEURISTIC
ta28,20,20,GA,7835,1603,388.77,5259.65,12.89,14.0378,HEURISTIC
ta28,20,20,Tabu,5653,1603,252.65,3980.65,17.87,10.9139,HEURISTIC
ta28,20,20,CP-SAT,1615,1603,0.75,1559.15,62.54,60.0176,FEASIBLE
ta29,20,20,MWKR,2689,1625,65.48,2550.0,39.01,0.0066,HEURISTIC
ta29,20,20,GA,7900,1625,386.15,5281.7,13.28,14.2988,HEURISTIC
ta29,20,20,Tabu,6486,1625,299.14,4131.1,16.17,11.399,HEURISTIC
ta29,20,20,CP-SAT,1638,1625,0.8,1600.55,64.05,60.0129,FEASIBLE
ta30,20,20,MWKR,2691,1584,69.89,2513.5,37.26,0.0067,HEURISTIC
ta30,20,20,GA,7859,1584,396.15,5023.8,12.76,14.839,HEURISTIC
ta30,20,20,Tabu,6439,1584,306.5,4568.3,15.57,11.41,HEURISTIC
ta30,20,20,CP-SAT,1610,1584,1.64,1555.85,62.27,60.0213,FEASIBLE
ta31,30,15,MWKR,3120,1764,76.87,2886.33,48.29,0.0098,HEURISTIC
ta31,30,15,GA,7170,1764,306.46,4622.6,21.01,16.7339,HEURISTIC
ta31,30,15,Tabu,6225,1764,252.89,4208.63,24.2,13.8739,HEURISTIC
ta31,30,15,CP-SAT,1788,1764,1.36,1665.2,84.27,60.0249,FEASIBLE
ta32,30,15,MWKR,3071,1796,70.99,2907.97,50.38,0.0104,HEURISTIC
ta32,30,15,GA,7815,1796,335.13,4860.33,19.8,17.3247,HEURISTIC
ta32,30,15,Tabu,6142,1796,241.98,3809.0,25.19,13.0773,HEURISTIC
ta32,30,15,CP-SAT,1840,1796,2.45,1704.53,84.08,60.0276,FEASIBLE
ta33,30,15,MWKR,2795,1831,52.65,2647.9,56.51,0.0099,HEURISTIC
ta33,30,15,GA,7415,1831,304.97,5118.2,21.3,16.7153,HEURISTIC
ta33,30,15,Tabu,6549,1831,257.67,4576.4,24.12,13.139,HEURISTIC
ta33,30,15,CP-SAT,1855,1831,1.31,1743.07,85.15,60.0366,FEASIBLE
ta34,30,15,MWKR,3070,1829,67.85,2821.43,50.91,0.0098,HEURISTIC
ta34,30,15,GA,8084,1829,341.99,5039.4,19.33,17.7925,HEURISTIC
ta34,30,15,Tabu,7237,1829,295.68,4460.2,21.6,13.2412,HEURISTIC
ta34,30,15,CP-SAT,1877,1829,2.62,1738.27,83.26,60.0224,FEASIBLE
ta35,30,15,MWKR,3114,2007,55.16,2785.7,48.03,0.0099,HEURISTIC
ta35,30,15,GA,7705,2007,283.91,5518.87,19.41,17.0476,HEURISTIC
ta35,30,15,Tabu,5880,2007,192.97,3747.5,25.43,13.2355,HEURISTIC
ta35,30,15,CP-SAT,2007,2007,0.0,1811.87,74.52,3.0088,OPTIMAL
ta36,30,15,MWKR,2967,1819,63.11,2784.23,51.59,0.0081,HEURISTIC
ta36,30,15,GA,7075,1819,288.95,4601.97,21.63,16.7352,HEURISTIC
ta36,30,15,Tabu,5870,1819,222.7,3902.83,26.07,12.9174,HEURISTIC
ta36,30,15,CP-SAT,1829,1819,0.55,1723.1,83.69,60.0454,FEASIBLE
ta37,30,15,MWKR,3144,1771,77.53,2942.93,50.48,0.0081,HEURISTIC
ta37,30,15,GA,9066,1771,411.91,5932.33,17.51,17.4403,HEURISTIC
ta37,30,15,Tabu,6162,1771,247.94,3726.9,25.76,13.4435,HEURISTIC
ta37,30,15,CP-SAT,1823,1771,2.94,1707.43,87.06,60.0578,FEASIBLE
ta38,30,15,MWKR,2463,1673,47.22,2316.93,60.42,0.0089,HEURISTIC
ta38,30,15,GA,7630,1673,356.07,5264.17,19.5,17.9527,HEURISTIC
ta38,30,15,Tabu,6069,1673,262.76,3972.67,24.52,13.2879,HEURISTIC
ta38,30,15,CP-SAT,1753,1673,4.78,1642.57,84.89,60.0459,FEASIBLE
ta39,30,15,MWKR,3175,1795,76.88,2997.9,45.32,0.0094,HEURISTIC
ta39,30,15,GA,8033,1795,347.52,5204.23,17.91,17.7807,HEURISTIC
ta39,30,15,Tabu,6092,1795,239.39,4046.03,23.62,13.4865,HEURISTIC
ta39,30,15,CP-SAT,1795,1795,0.0,1627.23,80.16,23.3973,OPTIMAL
ta40,30,15,MWKR,2940,1631,80.26,2677.2,50.59,0.0089,HEURISTIC
ta40,30,15,GA,7621,1631,367.26,5456.87,19.52,18.0765,HEURISTIC
ta40,30,15,Tabu,6435,1631,294.54,4159.4,23.11,13.0266,HEURISTIC
ta40,30,15,CP-SAT,1752,1631,7.42,1592.9,84.89,60.018,FEASIBLE
ta41,30,20,MWKR,3206,2005,59.9,3076.23,48.78,0.0152,HEURISTIC
ta41,30,20,GA,12674,2005,532.12,8776.7,12.34,27.3768,HEURISTIC
ta41,30,20,Tabu,8506,2005,324.24,5763.73,18.39,22.4099,HEURISTIC
ta41,30,20,CP-SAT,2120,2005,5.74,2011.0,73.77,60.0316,FEASIBLE
ta42,30,20,MWKR,3411,1937,76.1,3216.07,44.84,0.0131,HEURISTIC
ta42,30,20,GA,11785,1937,508.42,7945.67,12.98,29.2623,HEURISTIC
ta42,30,20,Tabu,8613,1937,344.66,6001.33,17.76,22.7786,HEURISTIC
ta42,30,20,CP-SAT,2001,1937,3.3,1898.33,76.44,60.0172,FEASIBLE
ta43,30,20,MWKR,3264,1846,76.81,3094.17,45.31,0.0133,HEURISTIC
ta43,30,20,GA,10719,1846,480.66,7157.5,13.8,28.8139,HEURISTIC
ta43,30,20,Tabu,8069,1846,337.11,5671.1,18.33,21.7017,HEURISTIC
ta43,30,20,CP-SAT,1931,1846,4.6,1820.3,76.59,60.0193,FEASIBLE
ta44,30,20,MWKR,3337,1979,68.62,3156.83,45.68,0.0135,HEURISTIC
ta44,30,20,GA,10012,1979,405.91,7074.0,15.22,27.7324,HEURISTIC
ta44,30,20,Tabu,8894,1979,349.42,6392.37,17.14,21.9369,HEURISTIC
ta44,30,20,CP-SAT,2046,1979,3.39,1931.43,74.5,60.0192,FEASIBLE
ta45,30,20,MWKR,3360,2000,68.0,3186.1,45.6,0.0145,HEURISTIC
ta45,30,20,GA,12283,2000,514.15,7599.2,12.47,29.0188,HEURISTIC
ta45,30,20,Tabu,9765,2000,388.25,6917.5,15.69,23.3505,HEURISTIC
ta45,30,20,CP-SAT,2055,2000,2.75,1959.6,74.56,60.0171,FEASIBLE
ta46,30,20,MWKR,3326,2011,65.39,3151.07,46.34,0.0134,HEURISTIC
ta46,30,20,GA,11016,2011,447.79,7169.7,13.99,29.0944,HEURISTIC
ta46,30,20,Tabu,8794,2011,337.29,6247.13,17.53,23.3157,HEURISTIC
ta46,30,20,CP-SAT,2098,2011,4.33,1987.57,73.46,60.0218,FEASIBLE
ta47,30,20,MWKR,3050,1903,60.27,2928.77,49.55,0.0134,HEURISTIC
ta47,30,20,GA,11054,1903,480.87,7359.7,13.67,27.9076,HEURISTIC
ta47,30,20,Tabu,9603,1903,404.62,6270.53,15.74,22.7102,HEURISTIC
ta47,30,20,CP-SAT,2004,1903,5.31,1928.27,75.41,60.0206,FEASIBLE
ta48,30,20,MWKR,3452,1952,76.84,3218.83,43.41,0.0132,HEURISTIC
ta48,30,20,GA,12148,1952,522.34,7364.1,12.34,30.1127,HEURISTIC
ta48,30,20,Tabu,8649,1952,343.08,5575.77,17.33,22.2702,HEURISTIC
ta48,30,20,CP-SAT,2031,1952,4.05,1918.73,73.79,60.018,FEASIBLE
ta49,30,20,MWKR,3207,1968,62.96,3002.03,46.39,0.0134,HEURISTIC
ta49,30,20,GA,11016,1968,459.76,7544.93,13.5,29.5536,HEURISTIC
ta49,30,20,Tabu,8384,1968,326.02,5700.27,17.74,22.9977,HEURISTIC
ta49,30,20,CP-SAT,2044,1968,3.86,1928.6,72.78,60.052,FEASIBLE
ta50,30,20,MWKR,3044,1926,58.05,2813.37,50.36,0.012,HEURISTIC
ta50,30,20,GA,11359,1926,489.77,7683.27,13.49,29.0884,HEURISTIC
ta50,30,20,Tabu,8285,1926,330.17,5815.93,18.5,21.8064,HEURISTIC
ta50,30,20,CP-SAT,2001,1926,3.89,1882.0,76.6,60.0154,FEASIBLE
ta51,50,15,MWKR,4468,2760,61.88,4082.68,56.58,0.0247,HEURISTIC
ta51,50,15,GA,13585,2760,392.21,8645.96,18.61,40.6622,HEURISTIC
ta51,50,15,Tabu,10911,2760,295.33,6951.86,23.17,34.4078,HEURISTIC
ta51,50,15,CP-SAT,2760,2760,0.0,2458.28,91.59,53.0696,OPTIMAL
ta52,50,15,MWKR,4474,2756,62.34,4209.32,55.35,0.0207,HEURISTIC
ta52,50,15,GA,14915,2756,441.18,10436.14,16.6,41.8407,HEURISTIC
ta52,50,15,Tabu,12164,2756,341.36,7724.6,20.36,34.8028,HEURISTIC
ta52,50,15,CP-SAT,2756,2756,0.0,2513.04,89.85,47.0532,OPTIMAL
ta53,50,15,MWKR,3830,2717,40.96,3621.44,65.07,0.0214,HEURISTIC
ta53,50,15,GA,13727,2717,405.23,8791.0,18.15,43.7512,HEURISTIC
ta53,50,15,Tabu,10075,2717,270.81,6545.34,24.74,33.0189,HEURISTIC
ta53,50,15,CP-SAT,2717,2717,0.0,2567.26,91.72,30.6655,OPTIMAL
ta54,50,15,MWKR,4419,2839,55.65,4139.02,55.81,0.0192,HEURISTIC
ta54,50,15,GA,13671,2839,381.54,9120.36,18.04,41.0683,HEURISTIC
ta54,50,15,Tabu,10007,2839,252.48,6144.16,24.64,32.6546,HEURISTIC
ta54,50,15,CP-SAT,2839,2839,0.0,2545.5,86.86,11.1341,OPTIMAL
ta55,50,15,MWKR,4978,2679,85.82,4619.46,49.38,0.0185,HEURISTIC
ta55,50,15,GA,13876,2679,417.95,9115.2,17.71,42.2984,HEURISTIC
ta55,50,15,Tabu,10035,2679,274.58,6679.06,24.49,33.514,HEURISTIC
ta55,50,15,CP-SAT,2691,2679,0.45,2474.2,91.34,60.0298,FEASIBLE
ta56,50,15,MWKR,4525,2781,62.71,4166.98,55.91,0.0214,HEURISTIC
ta56,50,15,GA,14492,2781,421.11,9902.92,17.46,42.181,HEURISTIC
ta56,50,15,Tabu,10331,2781,271.49,7384.68,24.49,31.7356,HEURISTIC
ta56,50,15,CP-SAT,2781,2781,0.0,2589.8,90.97,48.4096,OPTIMAL
ta57,50,15,MWKR,4595,2943,56.13,4231.2,55.76,0.0212,HEURISTIC
ta57,50,15,GA,13609,2943,362.42,9206.16,18.83,43.3055,HEURISTIC
ta57,50,15,Tabu,11751,2943,299.29,6580.64,21.8,33.1603,HEURISTIC
ta57,50,15,CP-SAT,2943,2943,0.0,2563.1,87.06,15.2577,OPTIMAL
ta58,50,15,MWKR,4380,2885,51.82,3944.96,59.49,0.0204,HEURISTIC
ta58,50,15,GA,15906,2885,451.33,9981.42,16.38,40.492,HEURISTIC
ta58,50,15,Tabu,10746,2885,272.48,6669.5,24.25,33.0399,HEURISTIC
ta58,50,15,CP-SAT,2885,2885,0.0,2682.88,90.32,36.7529,OPTIMAL
ta59,50,15,MWKR,4220,2655,58.95,3803.12,58.24,0.0222,HEURISTIC
ta59,50,15,GA,12576,2655,373.67,8340.24,19.54,42.2739,HEURISTIC
ta59,50,15,Tabu,9941,2655,274.43,6284.98,24.72,37.0943,HEURISTIC
ta59,50,15,CP-SAT,2702,2655,1.77,2475.4,90.95,60.0321,FEASIBLE
ta60,50,15,MWKR,4560,2723,67.46,4354.4,55.26,0.021,HEURISTIC
ta60,50,15,GA,15247,2723,459.93,9547.1,16.53,44.0234,HEURISTIC
ta60,50,15,Tabu,10098,2723,270.84,6679.5,24.95,32.3053,HEURISTIC
ta60,50,15,CP-SAT,2723,2723,0.0,2467.42,92.54,34.5983,OPTIMAL
ta61,50,20,MWKR,4577,3045,50.31,4257.78,55.67,0.0342,HEURISTIC
ta61,50,20,GA,19557,3045,542.27,12902.0,13.03,73.4378,HEURISTIC
ta61,50,20,Tabu,16337,3045,436.52,10503.08,15.6,59.07,HEURISTIC
ta61,50,20,CP-SAT,2938,3045,-3.51,2767.36,86.73,60.0438,FEASIBLE
ta62,50,20,MWKR,4667,2869,62.67,4393.36,55.28,0.04,HEURISTIC
ta62,50,20,GA,20325,2869,608.43,13957.88,12.69,75.7551,HEURISTIC
ta62,50,20,Tabu,16724,2869,482.92,10920.94,15.43,60.5764,HEURISTIC
ta62,50,20,CP-SAT,3103,2869,8.16,2894.4,83.14,60.052,FEASIBLE
ta63,50,20,MWKR,4452,3003,48.25,4245.44,55.17,0.0451,HEURISTIC
ta63,50,20,GA,18868,3003,528.31,12605.48,13.02,71.2992,HEURISTIC
ta63,50,20,Tabu,14406,3003,379.72,9228.08,17.05,56.9051,HEURISTIC
ta63,50,20,CP-SAT,2886,3003,-3.9,2771.86,85.1,60.0271,FEASIBLE
ta64,50,20,MWKR,4377,2755,58.87,4208.66,55.36,0.0402,HEURISTIC
ta64,50,20,GA,18991,2755,589.33,13463.96,12.76,76.5084,HEURISTIC
ta64,50,20,Tabu,14926,2755,441.78,9487.74,16.23,58.9449,HEURISTIC
ta64,50,20,CP-SAT,2795,2755,1.45,2669.12,86.69,60.0399,FEASIBLE
ta65,50,20,MWKR,4536,2725,66.46,4280.62,54.23,0.0406,HEURISTIC
ta65,50,20,GA,19389,2725,611.52,12451.16,12.69,78.2991,HEURISTIC
ta65,50,20,Tabu,15453,2725,467.08,10510.98,15.92,57.6821,HEURISTIC
ta65,50,20,CP-SAT,2885,2725,5.87,2737.26,85.27,60.0458,FEASIBLE
ta66,50,20,MWKR,4972,2845,74.76,4733.36,50.67,0.0362,HEURISTIC
ta66,50,20,GA,20824,2845,631.95,13195.66,12.1,77.2708,HEURISTIC
ta66,50,20,Tabu,15737,2845,453.15,9448.54,16.01,57.8649,HEURISTIC
ta66,50,20,CP-SAT,2960,2845,4.04,2793.6,85.12,60.0608,FEASIBLE
ta67,50,20,MWKR,4935,2825,74.69,4696.88,50.21,0.0338,HEURISTIC
ta67,50,20,GA,18872,2825,568.04,12636.0,13.13,72.3721,HEURISTIC
ta67,50,20,Tabu,14040,2825,396.99,9844.9,17.65,58.2078,HEURISTIC
ta67,50,20,CP-SAT,2877,2825,1.84,2710.84,86.12,60.0555,FEASIBLE
ta68,50,20,MWKR,4560,2784,63.79,4304.8,54.72,0.0304,HEURISTIC
ta68,50,20,GA,19218,2784,590.3,12911.68,12.98,73.0144,HEURISTIC
ta68,50,20,Tabu,17967,2784,545.37,10669.96,13.89,60.7163,HEURISTIC
ta68,50,20,CP-SAT,2818,2784,1.22,2643.4,88.54,60.04,FEASIBLE
ta69,50,20,MWKR,4819,3071,56.92,4591.18,52.78,0.0321,HEURISTIC
ta69,50,20,GA,19936,3071,549.17,13227.92,12.76,72.9308,HEURISTIC
ta69,50,20,Tabu,15543,3071,406.12,9619.68,16.36,56.7376,HEURISTIC
ta69,50,20,CP-SAT,3135,3071,2.08,2988.8,81.13,60.0315,FEASIBLE
ta70,50,20,MWKR,4879,2995,62.9,4551.92,52.14,0.0313,HEURISTIC
ta70,50,20,GA,20947,2995,599.4,13129.1,12.14,73.7109,HEURISTIC
ta70,50,20,Tabu,17569,2995,486.61,11156.94,14.48,57.7259,HEURISTIC
ta70,50,20,CP-SAT,3109,2995,3.81,2849.9,81.82,60.023,FEASIBLE
ta71,100,20,MWKR,8021,5464,46.8,7724.05,62.89,0.1179,HEURISTIC
ta71,100,20,GA,46136,5464,744.36,28931.78,10.93,278.0629,HEURISTIC
ta71,100,20,Tabu,36782,5464,573.17,23406.8,13.71,216.0411,HEURISTIC
ta71,100,20,CP-SAT,5749,5464,5.22,5481.08,87.75,60.0253,FEASIBLE
ta72,100,20,MWKR,7645,5181,47.56,7224.25,63.68,0.1142,HEURISTIC
ta72,100,20,GA,42690,5181,723.97,27846.23,11.4,267.4036,HEURISTIC
ta72,100,20,Tabu,34493,5181,565.76,21232.28,14.11,217.0077,HEURISTIC
ta72,100,20,CP-SAT,5379,5181,3.82,5132.32,90.5,60.0273,FEASIBLE
ta73,100,20,MWKR,8170,5568,46.73,7745.64,61.58,0.1155,HEURISTIC
ta73,100,20,GA,44190,5568,693.64,30353.07,11.39,270.298,HEURISTIC
ta73,100,20,Tabu,34877,5568,526.38,22551.55,14.43,216.719,HEURISTIC
ta73,100,20,CP-SAT,5801,5568,4.18,5393.22,86.73,60.0338,FEASIBLE
ta74,100,20,MWKR,8044,5339,50.66,7664.79,62.19,0.1139,HEURISTIC
ta74,100,20,GA,42188,5339,690.19,27401.84,11.86,267.9294,HEURISTIC
ta74,100,20,Tabu,35780,5339,570.16,21525.57,13.98,218.9493,HEURISTIC
ta74,100,20,CP-SAT,5495,5339,2.92,5260.25,91.04,60.0394,FEASIBLE
ta75,100,20,MWKR,8467,5392,57.03,8040.92,58.3,0.1093,HEURISTIC
ta75,100,20,GA,43863,5392,713.48,27642.93,11.25,273.5837,HEURISTIC
ta75,100,20,Tabu,33081,5392,513.52,20961.3,14.92,208.248,HEURISTIC
ta75,100,20,CP-SAT,5802,5392,7.6,5332.83,85.07,60.0287,FEASIBLE
ta76,100,20,MWKR,7991,5342,49.59,7674.45,62.8,0.1158,HEURISTIC
ta76,100,20,GA,43831,5342,720.5,28935.53,11.45,270.4557,HEURISTIC
ta76,100,20,Tabu,35347,5342,561.68,22186.33,14.2,217.7693,HEURISTIC
ta76,100,20,CP-SAT,5583,5342,4.51,5256.91,89.89,60.0285,FEASIBLE
ta77,100,20,MWKR,8334,5436,53.31,8090.02,61.02,0.1152,HEURISTIC
ta77,100,20,GA,45453,5436,736.15,29821.13,11.19,271.2643,HEURISTIC
ta77,100,20,Tabu,37260,5436,585.43,22965.03,13.65,218.882,HEURISTIC
ta77,100,20,CP-SAT,5622,5436,3.42,5281.13,90.46,60.0288,FEASIBLE
ta78,100,20,MWKR,7910,5394,46.64,7587.38,62.64,0.119,HEURISTIC
ta78,100,20,GA,42328,5394,684.72,28455.56,11.71,273.9262,HEURISTIC
ta78,100,20,Tabu,34232,5394,534.63,20985.74,14.47,219.9053,HEURISTIC
ta78,100,20,CP-SAT,5581,5394,3.47,5235.31,88.78,60.034,FEASIBLE
ta79,100,20,MWKR,7866,5358,46.81,7438.24,63.39,0.1226,HEURISTIC
ta79,100,20,GA,42844,5358,699.63,27617.73,11.64,278.6934,HEURISTIC
ta79,100,20,Tabu,36142,5358,574.54,22813.63,13.8,221.7218,HEURISTIC
ta79,100,20,CP-SAT,5555,5358,3.68,5280.54,89.77,60.0402,FEASIBLE
ta80,100,20,MWKR,7955,5183,53.48,7605.3,60.78,0.1341,HEURISTIC
ta80,100,20,GA,42004,5183,710.42,28046.1,11.51,293.5984,HEURISTIC
ta80,100,20,Tabu,34675,5183,569.01,21824.26,13.94,233.7683,HEURISTIC
ta80,100,20,CP-SAT,5418,5183,4.53,5181.4,89.24,60.0393,FEASIBLE
yn1,20,20,MWKR,1296,884,46.61,1212.9,45.37,0.0085,HEURISTIC
yn1,20,20,GA,4247,884,380.43,2948.2,13.85,14.1611,HEURISTIC
yn1,20,20,Tabu,3510,884,297.06,2385.05,16.75,11.1579,HEURISTIC
yn1,20,20,CP-SAT,902,884,2.04,870.95,65.19,60.0174,FEASIBLE
yn2,20,20,MWKR,1393,904,54.09,1293.75,42.23,0.0086,HEURISTIC
yn2,20,20,GA,4581,904,406.75,2965.95,12.84,14.466,HEURISTIC
yn2,20,20,Tabu,3539,904,291.48,2063.05,16.62,11.5274,HEURISTIC
yn2,20,20,CP-SAT,921,904,1.88,874.9,63.87,60.0278,FEASIBLE
yn3,20,20,MWKR,1369,892,53.48,1270.05,42.45,0.0086,HEURISTIC
yn3,20,20,GA,3584,892,301.79,2645.0,16.22,13.5683,HEURISTIC
yn3,20,20,Tabu,2769,892,210.43,2030.45,20.99,10.8108,HEURISTIC
yn3,20,20,CP-SAT,921,892,3.25,859.9,63.1,60.034,FEASIBLE
yn4,20,20,MWKR,1575,968,62.71,1420.25,38.36,0.0086,HEURISTIC
yn4,20,20,GA,4317,968,345.97,2917.55,13.99,13.6706,HEURISTIC
yn4,20,20,Tabu,3863,968,299.07,2460.6,15.64,11.5168,HEURISTIC
yn4,20,20,CP-SAT,989,968,2.17,921.8,61.08,60.0476,FEASIBLE
