instance,num_jobs,num_machines,algorithm,makespan,bks,optimality_gap_pct,runtime_s,status
abz5,10,10,MWKR,1451,1234,17.59,0.0004,HEURISTIC
abz5,10,10,GA,1222,1234,-0.97,0.8059,HEURISTIC
abz5,10,10,Tabu,1089,1234,-11.75,0.6022,HEURISTIC
abz5,10,10,CP-SAT,1234,1234,0.0,0.9701,OPTIMAL
abz6,10,10,MWKR,1288,943,36.59,0.0004,HEURISTIC
abz6,10,10,GA,922,943,-2.23,0.8196,HEURISTIC
abz6,10,10,Tabu,841,943,-10.82,0.6193,HEURISTIC
abz6,10,10,CP-SAT,943,943,0.0,0.0914,OPTIMAL
abz7,20,15,MWKR,944,656,43.9,0.0026,HEURISTIC
abz7,20,15,GA,865,656,31.86,2.3982,HEURISTIC
abz7,20,15,Tabu,688,656,4.88,1.831,HEURISTIC
abz7,20,15,CP-SAT,664,656,1.22,60.0133,FEASIBLE
abz8,20,15,MWKR,1102,665,65.71,0.0026,HEURISTIC
abz8,20,15,GA,834,665,25.41,2.56,HEURISTIC
abz8,20,15,Tabu,695,665,4.51,1.838,HEURISTIC
abz8,20,15,CP-SAT,683,665,2.71,60.0199,FEASIBLE
abz9,20,15,MWKR,1097,679,61.56,0.0035,HEURISTIC
abz9,20,15,GA,824,679,21.35,2.7107,HEURISTIC
abz9,20,15,Tabu,699,679,2.95,1.9374,HEURISTIC
abz9,20,15,CP-SAT,696,679,2.5,60.011,FEASIBLE
ft06,6,6,MWKR,74,55,34.55,0.0001,HEURISTIC
ft06,6,6,GA,50,55,-9.09,0.3854,HEURISTIC
ft06,6,6,Tabu,47,55,-14.55,0.2709,HEURISTIC
ft06,6,6,CP-SAT,55,55,0.0,0.0066,OPTIMAL
ft10,10,10,MWKR,1289,930,38.6,0.0004,HEURISTIC
ft10,10,10,GA,837,930,-10.0,0.9188,HEURISTIC
ft10,10,10,Tabu,727,930,-21.83,0.6982,HEURISTIC
ft10,10,10,CP-SAT,930,930,0.0,1.9204,OPTIMAL
ft20,20,5,MWKR,2020,1165,73.39,0.0007,HEURISTIC
ft20,20,5,GA,1119,1165,-3.95,0.9612,HEURISTIC
ft20,20,5,Tabu,1119,1165,-3.95,0.6754,HEURISTIC
ft20,20,5,CP-SAT,1165,1165,0.0,0.2525,OPTIMAL
la01,10,5,MWKR,880,666,32.13,0.0002,HEURISTIC
la01,10,5,GA,666,666,0.0,0.4874,HEURISTIC
la01,10,5,Tabu,666,666,0.0,0.3398,HEURISTIC
la01,10,5,CP-SAT,666,666,0.0,0.0074,OPTIMAL
la02,10,5,MWKR,982,655,49.92,0.0002,HEURISTIC
la02,10,5,GA,635,655,-3.05,0.4479,HEURISTIC
la02,10,5,Tabu,635,655,-3.05,0.3228,HEURISTIC
la02,10,5,CP-SAT,655,655,0.0,0.0367,OPTIMAL
la03,10,5,MWKR,797,597,33.5,0.0002,HEURISTIC
la03,10,5,GA,588,597,-1.51,0.4602,HEURISTIC
la03,10,5,Tabu,588,597,-1.51,0.3296,HEURISTIC
la03,10,5,CP-SAT,597,597,0.0,0.0266,OPTIMAL
la04,10,5,MWKR,1000,590,69.49,0.0002,HEURISTIC
la04,10,5,GA,571,590,-3.22,0.4479,HEURISTIC
la04,10,5,Tabu,537,590,-8.98,0.3226,HEURISTIC
la04,10,5,CP-SAT,590,590,0.0,0.0284,OPTIMAL
la05,10,5,MWKR,666,593,12.31,0.0002,HEURISTIC
la05,10,5,GA,593,593,0.0,0.4404,HEURISTIC
la05,10,5,Tabu,593,593,0.0,0.3236,HEURISTIC
la05,10,5,CP-SAT,593,593,0.0,0.004,OPTIMAL
la06,15,5,MWKR,1151,926,24.3,0.0004,HEURISTIC
la06,15,5,GA,926,926,0.0,0.6528,HEURISTIC
la06,15,5,Tabu,926,926,0.0,0.4706,HEURISTIC
la06,15,5,CP-SAT,926,926,0.0,0.0057,OPTIMAL
la07,15,5,MWKR,1108,890,24.49,0.0004,HEURISTIC
la07,15,5,GA,869,890,-2.36,0.6399,HEURISTIC
la07,15,5,Tabu,869,890,-2.36,0.482,HEURISTIC
la07,15,5,CP-SAT,890,890,0.0,0.0149,OPTIMAL
la08,15,5,MWKR,1278,863,48.09,0.0004,HEURISTIC
la08,15,5,GA,863,863,0.0,0.6359,HEURISTIC
la08,15,5,Tabu,863,863,0.0,0.4786,HEURISTIC
la08,15,5,CP-SAT,863,863,0.0,0.0132,OPTIMAL
la09,15,5,MWKR,1270,951,33.54,0.0004,HEURISTIC
la09,15,5,GA,951,951,0.0,0.6346,HEURISTIC
la09,15,5,Tabu,951,951,0.0,0.4714,HEURISTIC
la09,15,5,CP-SAT,951,951,0.0,0.0101,OPTIMAL
la10,15,5,MWKR,1224,958,27.77,0.0004,HEURISTIC
la10,15,5,GA,958,958,0.0,0.6303,HEURISTIC
la10,15,5,Tabu,958,958,0.0,0.4716,HEURISTIC
la10,15,5,CP-SAT,958,958,0.0,0.0064,OPTIMAL
la11,20,5,MWKR,1552,1222,27.0,0.0007,HEURISTIC
la11,20,5,GA,1222,1222,0.0,0.8466,HEURISTIC
la11,20,5,Tabu,1222,1222,0.0,0.6266,HEURISTIC
la11,20,5,CP-SAT,1222,1222,0.0,0.0129,OPTIMAL
la12,20,5,MWKR,1276,1039,22.81,0.0006,HEURISTIC
la12,20,5,GA,1041,1039,0.19,0.8246,HEURISTIC
la12,20,5,Tabu,1039,1039,0.0,0.6215,HEURISTIC
la12,20,5,CP-SAT,1039,1039,0.0,0.0391,OPTIMAL
la13,20,5,MWKR,1371,1150,19.22,0.0007,HEURISTIC
la13,20,5,GA,1150,1150,0.0,0.8352,HEURISTIC
la13,20,5,Tabu,1150,1150,0.0,0.6199,HEURISTIC
la13,20,5,CP-SAT,1150,1150,0.0,0.0078,OPTIMAL
la14,20,5,MWKR,1362,1292,5.42,0.0007,HEURISTIC
la14,20,5,GA,1292,1292,0.0,0.8232,HEURISTIC
la14,20,5,Tabu,1292,1292,0.0,0.6293,HEURISTIC
la14,20,5,CP-SAT,1292,1292,0.0,0.0088,OPTIMAL
la15,20,5,MWKR,1511,1207,25.19,0.0006,HEURISTIC
la15,20,5,GA,1207,1207,0.0,0.8228,HEURISTIC
la15,20,5,Tabu,1207,1207,0.0,0.63,HEURISTIC
la15,20,5,CP-SAT,1207,1207,0.0,0.0604,OPTIMAL
la16,10,10,MWKR,1443,945,52.7,0.0004,HEURISTIC
la16,10,10,GA,865,945,-8.47,0.8228,HEURISTIC
la16,10,10,Tabu,776,945,-17.88,0.6306,HEURISTIC
la16,10,10,CP-SAT,945,945,0.0,0.0966,OPTIMAL
la17,10,10,MWKR,1135,784,44.77,0.0004,HEURISTIC
la17,10,10,GA,773,784,-1.4,0.8245,HEURISTIC
la17,10,10,Tabu,718,784,-8.42,0.6276,HEURISTIC
la17,10,10,CP-SAT,784,784,0.0,0.0265,OPTIMAL
la18,10,10,MWKR,1130,848,33.25,0.0004,HEURISTIC
la18,10,10,GA,836,848,-1.42,0.8261,HEURISTIC
la18,10,10,Tabu,740,848,-12.74,0.6218,HEURISTIC
la18,10,10,CP-SAT,848,848,0.0,0.0694,OPTIMAL
la19,10,10,MWKR,1188,842,41.09,0.0004,HEURISTIC
la19,10,10,GA,885,842,5.11,0.8246,HEURISTIC
la19,10,10,Tabu,744,842,-11.64,0.619,HEURISTIC
la19,10,10,CP-SAT,842,842,0.0,0.4246,OPTIMAL
la20,10,10,MWKR,1404,902,55.65,0.0005,HEURISTIC
la20,10,10,GA,885,902,-1.88,0.85,HEURISTIC
la20,10,10,Tabu,786,902,-12.86,0.6284,HEURISTIC
la20,10,10,CP-SAT,902,902,0.0,0.135,OPTIMAL
la21,15,10,MWKR,1494,1046,42.83,0.0009,HEURISTIC
la21,15,10,GA,1158,1046,10.71,1.2446,HEURISTIC
la21,15,10,Tabu,1009,1046,-3.54,0.9275,HEURISTIC
la21,15,10,CP-SAT,1046,1046,0.0,24.9326,OPTIMAL
la22,15,10,MWKR,1428,927,54.05,0.001,HEURISTIC
la22,15,10,GA,1129,927,21.79,1.4674,HEURISTIC
la22,15,10,Tabu,920,927,-0.76,1.0235,HEURISTIC
la22,15,10,CP-SAT,927,927,0.0,0.4917,OPTIMAL
la23,15,10,MWKR,1576,1032,52.71,0.0009,HEURISTIC
la23,15,10,GA,1206,1032,16.86,1.387,HEURISTIC
la23,15,10,Tabu,1032,1032,0.0,0.9801,HEURISTIC
la23,15,10,CP-SAT,1032,1032,0.0,0.195,OPTIMAL
la24,15,10,MWKR,1693,935,81.07,0.0009,HEURISTIC
la24,15,10,GA,1114,935,19.14,1.3194,HEURISTIC
la24,15,10,Tabu,983,935,5.13,0.9498,HEURISTIC
la24,15,10,CP-SAT,935,935,0.0,4.0113,OPTIMAL
la25,15,10,MWKR,1495,977,53.02,0.0009,HEURISTIC
la25,15,10,GA,1042,977,6.65,1.4022,HEURISTIC
la25,15,10,Tabu,949,977,-2.87,1.0115,HEURISTIC
la25,15,10,CP-SAT,977,977,0.0,6.4555,OPTIMAL
la26,20,10,MWKR,1792,1218,47.13,0.0016,HEURISTIC
la26,20,10,GA,1473,1218,20.94,1.893,HEURISTIC
la26,20,10,Tabu,1231,1218,1.07,1.33,HEURISTIC
la26,20,10,CP-SAT,1218,1218,0.0,0.659,OPTIMAL
la27,20,10,MWKR,1918,1235,55.3,0.0015,HEURISTIC
la27,20,10,GA,1471,1235,19.11,1.7775,HEURISTIC
la27,20,10,Tabu,1277,1235,3.4,1.325,HEURISTIC
la27,20,10,CP-SAT,1235,1235,0.0,14.9793,OPTIMAL
la28,20,10,MWKR,2058,1216,69.24,0.0019,HEURISTIC
la28,20,10,GA,1487,1216,22.29,1.929,HEURISTIC
la28,20,10,Tabu,1270,1216,4.44,1.3665,HEURISTIC
la28,20,10,CP-SAT,1216,1216,0.0,0.6664,OPTIMAL
la29,20,10,MWKR,1626,1152,41.15,0.0018,HEURISTIC
la29,20,10,GA,1397,1152,21.27,1.8083,HEURISTIC
la29,20,10,Tabu,1170,1152,1.56,1.3279,HEURISTIC
la29,20,10,CP-SAT,1177,1152,2.17,60.0589,FEASIBLE
la30,20,10,MWKR,1944,1355,43.47,0.0032,HEURISTIC
la30,20,10,GA,1518,1355,12.03,2.1512,HEURISTIC
la30,20,10,Tabu,1355,1355,0.0,1.3318,HEURISTIC
la30,20,10,CP-SAT,1355,1355,0.0,0.3783,OPTIMAL
la31,30,10,MWKR,2328,1784,30.49,0.0048,HEURISTIC
la31,30,10,GA,1961,1784,9.92,2.5894,HEURISTIC
la31,30,10,Tabu,1784,1784,0.0,1.9542,HEURISTIC
la31,30,10,CP-SAT,1784,1784,0.0,0.8197,OPTIMAL
la32,30,10,MWKR,2601,1850,40.59,0.0034,HEURISTIC
la32,30,10,GA,2220,1850,20.0,2.6262,HEURISTIC
la32,30,10,Tabu,1861,1850,0.59,1.9208,HEURISTIC
la32,30,10,CP-SAT,1850,1850,0.0,0.0895,OPTIMAL
la33,30,10,MWKR,2600,1719,51.25,0.0034,HEURISTIC
la33,30,10,GA,2053,1719,19.43,2.5174,HEURISTIC
la33,30,10,Tabu,1719,1719,0.0,1.8893,HEURISTIC
la33,30,10,CP-SAT,1719,1719,0.0,0.296,OPTIMAL
la34,30,10,MWKR,2381,1721,38.35,0.0034,HEURISTIC
la34,30,10,GA,2000,1721,16.21,2.5107,HEURISTIC
la34,30,10,Tabu,1753,1721,1.86,1.8875,HEURISTIC
la34,30,10,CP-SAT,1721,1721,0.0,0.7632,OPTIMAL
la35,30,10,MWKR,2578,1888,36.55,0.0034,HEURISTIC
la35,30,10,GA,2136,1888,13.14,2.547,HEURISTIC
la35,30,10,Tabu,1888,1888,0.0,1.8745,HEURISTIC
la35,30,10,CP-SAT,1888,1888,0.0,0.1715,OPTIMAL
la36,15,15,MWKR,1981,1268,56.23,0.0017,HEURISTIC
la36,15,15,GA,1491,1268,17.59,1.8805,HEURISTIC
la36,15,15,Tabu,1248,1268,-1.58,1.4147,HEURISTIC
la36,15,15,CP-SAT,1268,1268,0.0,1.4844,OPTIMAL
la37,15,15,MWKR,2087,1397,49.39,0.0021,HEURISTIC
la37,15,15,GA,1634,1397,16.96,1.9335,HEURISTIC
la37,15,15,Tabu,1300,1397,-6.94,1.4355,HEURISTIC
la37,15,15,CP-SAT,1397,1397,0.0,0.5982,OPTIMAL
la38,15,15,MWKR,1860,1196,55.52,0.0018,HEURISTIC
la38,15,15,GA,1452,1196,21.4,1.9002,HEURISTIC
la38,15,15,Tabu,1167,1196,-2.42,1.4127,HEURISTIC
la38,15,15,CP-SAT,1196,1196,0.0,60.0122,FEASIBLE
la39,15,15,MWKR,1778,1233,44.2,0.0026,HEURISTIC
la39,15,15,GA,1452,1233,17.76,2.0022,HEURISTIC
la39,15,15,Tabu,1182,1233,-4.14,1.5215,HEURISTIC
la39,15,15,CP-SAT,1233,1233,0.0,1.3371,OPTIMAL
la40,15,15,MWKR,1977,1222,61.78,0.0025,HEURISTIC
la40,15,15,GA,1556,1222,27.33,1.9627,HEURISTIC
la40,15,15,Tabu,1192,1222,-2.45,1.4406,HEURISTIC
la40,15,15,CP-SAT,1222,1222,0.0,8.1409,OPTIMAL
orb01,10,10,MWKR,1716,1059,62.04,0.0007,HEURISTIC
orb01,10,10,GA,870,1059,-17.85,0.9525,HEURISTIC
orb01,10,10,Tabu,784,1059,-25.97,0.641,HEURISTIC
orb01,10,10,CP-SAT,1059,1059,0.0,10.0456,OPTIMAL
orb02,10,10,MWKR,1128,888,27.03,0.0008,HEURISTIC
orb02,10,10,GA,847,888,-4.62,0.9672,HEURISTIC
orb02,10,10,Tabu,772,888,-13.06,0.6314,HEURISTIC
orb02,10,10,CP-SAT,888,888,0.0,0.2365,OPTIMAL
orb03,10,10,MWKR,1701,1005,69.25,0.0005,HEURISTIC
orb03,10,10,GA,830,1005,-17.41,0.8794,HEURISTIC
orb03,10,10,Tabu,749,1005,-25.47,0.6474,HEURISTIC
orb03,10,10,CP-SAT,1005,1005,0.0,3.5007,OPTIMAL
orb04,10,10,MWKR,1369,1005,36.22,0.0007,HEURISTIC
orb04,10,10,GA,937,1005,-6.77,0.9624,HEURISTIC
orb04,10,10,Tabu,808,1005,-19.6,0.6329,HEURISTIC
orb04,10,10,CP-SAT,1005,1005,0.0,0.8968,OPTIMAL
orb05,10,10,MWKR,1436,887,61.89,0.0007,HEURISTIC
orb05,10,10,GA,809,887,-8.79,0.9261,HEURISTIC
orb05,10,10,Tabu,687,887,-22.55,0.6456,HEURISTIC
orb05,10,10,CP-SAT,887,887,0.0,0.8961,OPTIMAL
orb06,10,10,MWKR,1704,1010,68.71,0.0007,HEURISTIC
orb06,10,10,GA,971,1010,-3.86,0.9269,HEURISTIC
orb06,10,10,Tabu,780,1010,-22.77,0.632,HEURISTIC
orb06,10,10,CP-SAT,1010,1010,0.0,2.5579,OPTIMAL
orb07,10,10,MWKR,666,397,67.76,0.0008,HEURISTIC
orb07,10,10,GA,401,397,1.01,0.9763,HEURISTIC
orb07,10,10,Tabu,341,397,-14.11,0.6479,HEURISTIC
orb07,10,10,CP-SAT,397,397,0.0,0.342,OPTIMAL
orb08,10,10,MWKR,1754,899,95.11,0.0005,HEURISTIC
orb08,10,10,GA,781,899,-13.13,0.8693,HEURISTIC
orb08,10,10,Tabu,642,899,-28.59,0.6429,HEURISTIC
orb08,10,10,CP-SAT,899,899,0.0,0.0749,OPTIMAL
orb09,10,10,MWKR,1262,934,35.12,0.0004,HEURISTIC
orb09,10,10,GA,857,934,-8.24,0.8528,HEURISTIC
orb09,10,10,Tabu,720,934,-22.91,0.6361,HEURISTIC
orb09,10,10,CP-SAT,934,934,0.0,0.2391,OPTIMAL
orb10,10,10,MWKR,1726,944,82.84,0.0005,HEURISTIC
orb10,10,10,GA,892,944,-5.51,0.8729,HEURISTIC
orb10,10,10,Tabu,785,944,-16.84,0.6287,HEURISTIC
orb10,10,10,CP-SAT,944,944,0.0,0.2866,OPTIMAL
swv01,20,10,MWKR,2682,1407,90.62,0.0019,HEURISTIC
swv01,20,10,GA,1425,1407,1.28,1.6986,HEURISTIC
swv01,20,10,Tabu,1219,1407,-13.36,1.2445,HEURISTIC
swv01,20,10,CP-SAT,1412,1407,0.36,60.0107,FEASIBLE
swv02,20,10,MWKR,2526,1475,71.25,0.003,HEURISTIC
swv02,20,10,GA,1408,1475,-4.54,1.765,HEURISTIC
swv02,20,10,Tabu,1259,1475,-14.64,1.2533,HEURISTIC
swv02,20,10,CP-SAT,1475,1475,0.0,40.6635,OPTIMAL
swv03,20,10,MWKR,2485,1398,77.75,0.0029,HEURISTIC
swv03,20,10,GA,1375,1398,-1.65,1.7697,HEURISTIC
swv03,20,10,Tabu,1190,1398,-14.88,1.2424,HEURISTIC
swv03,20,10,CP-SAT,1440,1398,3.0,60.0128,FEASIBLE
swv04,20,10,MWKR,2738,1470,86.26,0.003,HEURISTIC
swv04,20,10,GA,1364,1470,-7.21,1.7762,HEURISTIC
swv04,20,10,Tabu,1221,1470,-16.94,1.2397,HEURISTIC
swv04,20,10,CP-SAT,1509,1470,2.65,60.0141,FEASIBLE
swv05,20,10,MWKR,2754,1424,93.4,0.0029,HEURISTIC
swv05,20,10,GA,1387,1424,-2.6,1.8059,HEURISTIC
swv05,20,10,Tabu,1239,1424,-12.99,1.2502,HEURISTIC
swv05,20,10,CP-SAT,1468,1424,3.09,60.013,FEASIBLE
swv06,20,15,MWKR,3157,1671,88.93,0.0058,HEURISTIC
swv06,20,15,GA,1710,1671,2.33,2.6487,HEURISTIC
swv06,20,15,Tabu,1446,1671,-13.46,1.8681,HEURISTIC
swv06,20,15,CP-SAT,1728,1671,3.41,60.0122,FEASIBLE
swv07,20,15,MWKR,2961,1594,85.76,0.0058,HEURISTIC
swv07,20,15,GA,1722,1594,8.03,2.6458,HEURISTIC
swv07,20,15,Tabu,1419,1594,-10.98,1.8589,HEURISTIC
swv07,20,15,CP-SAT,1639,1594,2.82,60.0176,FEASIBLE
swv08,20,15,MWKR,3427,1751,95.72,0.0058,HEURISTIC
swv08,20,15,GA,1866,1751,6.57,2.6031,HEURISTIC
swv08,20,15,Tabu,1531,1751,-12.56,1.8532,HEURISTIC
swv08,20,15,CP-SAT,1829,1751,4.45,60.0319,FEASIBLE
swv09,20,15,MWKR,2892,1655,74.74,0.0058,HEURISTIC
swv09,20,15,GA,1718,1655,3.81,2.6076,HEURISTIC
swv09,20,15,Tabu,1451,1655,-12.33,1.8717,HEURISTIC
swv09,20,15,CP-SAT,1751,1655,5.8,60.0145,FEASIBLE
swv10,20,15,MWKR,3268,1743,87.49,0.0059,HEURISTIC
swv10,20,15,GA,1774,1743,1.78,2.6411,HEURISTIC
swv10,20,15,Tabu,1493,1743,-14.34,1.8478,HEURISTIC
swv10,20,15,CP-SAT,1823,1743,4.59,60.0231,FEASIBLE
swv11,50,10,MWKR,6058,2983,103.08,0.021,HEURISTIC
swv11,50,10,GA,3256,2983,9.15,4.7197,HEURISTIC
swv11,50,10,Tabu,2837,2983,-4.89,3.2936,HEURISTIC
swv11,50,10,CP-SAT,3217,2983,7.84,60.0174,FEASIBLE
swv12,50,10,MWKR,6666,2972,124.29,0.0205,HEURISTIC
swv12,50,10,GA,3124,2972,5.11,4.2325,HEURISTIC
swv12,50,10,Tabu,2829,2972,-4.81,3.1051,HEURISTIC
swv12,50,10,CP-SAT,3104,2972,4.44,60.0145,FEASIBLE
swv13,50,10,MWKR,6888,3104,121.91,0.0212,HEURISTIC
swv13,50,10,GA,3366,3104,8.44,4.1927,HEURISTIC
swv13,50,10,Tabu,2980,3104,-3.99,3.1068,HEURISTIC
swv13,50,10,CP-SAT,3319,3104,6.93,60.0463,FEASIBLE
swv14,50,10,MWKR,5733,2968,93.16,0.018,HEURISTIC
swv14,50,10,GA,3138,2968,5.73,4.1871,HEURISTIC
swv14,50,10,Tabu,2842,2968,-4.25,3.0818,HEURISTIC
swv14,50,10,CP-SAT,3187,2968,7.38,60.0195,FEASIBLE
swv15,50,10,MWKR,5903,2885,104.61,0.0182,HEURISTIC
swv15,50,10,GA,3137,2885,8.73,4.2138,HEURISTIC
swv15,50,10,Tabu,2762,2885,-4.26,3.1027,HEURISTIC
swv15,50,10,CP-SAT,3103,2885,7.56,60.0336,FEASIBLE
swv16,50,10,MWKR,4237,2924,44.9,0.021,HEURISTIC
swv16,50,10,GA,3052,2924,4.38,4.22,HEURISTIC
swv16,50,10,Tabu,2924,2924,0.0,3.0741,HEURISTIC
swv16,50,10,CP-SAT,2924,2924,0.0,0.2697,OPTIMAL
swv17,50,10,MWKR,3783,2794,35.4,0.0094,HEURISTIC
swv17,50,10,GA,3032,2794,8.52,4.0352,HEURISTIC
swv17,50,10,Tabu,2794,2794,0.0,3.0683,HEURISTIC
swv17,50,10,CP-SAT,2794,2794,0.0,0.2828,OPTIMAL
swv18,50,10,MWKR,3842,2852,34.71,0.0095,HEURISTIC
swv18,50,10,GA,3213,2852,12.66,4.0162,HEURISTIC
swv18,50,10,Tabu,2852,2852,0.0,3.1046,HEURISTIC
swv18,50,10,CP-SAT,2852,2852,0.0,0.3242,OPTIMAL
swv19,50,10,MWKR,4486,2843,57.79,0.0098,HEURISTIC
swv19,50,10,GA,3201,2843,12.59,4.0203,HEURISTIC
swv19,50,10,Tabu,2843,2843,0.0,3.0919,HEURISTIC
swv19,50,10,CP-SAT,2843,2843,0.0,2.6389,OPTIMAL
swv20,50,10,MWKR,3939,2823,39.53,0.013,HEURISTIC
swv20,50,10,GA,3076,2823,8.96,4.0914,HEURISTIC
swv20,50,10,Tabu,2823,2823,0.0,3.0991,HEURISTIC
swv20,50,10,CP-SAT,2823,2823,0.0,0.127,OPTIMAL
ta01,15,15,MWKR,1865,1231,51.5,0.0015,HEURISTIC
ta01,15,15,GA,1435,1231,16.57,1.8181,HEURISTIC
ta01,15,15,Tabu,1224,1231,-0.57,1.4105,HEURISTIC
ta01,15,15,CP-SAT,1231,1231,0.0,2.3388,OPTIMAL
ta02,15,15,MWKR,1968,1244,58.2,0.0025,HEURISTIC
ta02,15,15,GA,1430,1244,14.95,1.907,HEURISTIC
ta02,15,15,Tabu,1154,1244,-7.23,1.3896,HEURISTIC
ta02,15,15,CP-SAT,1244,1244,0.0,41.8815,OPTIMAL
ta03,15,15,MWKR,1942,1218,59.44,0.0033,HEURISTIC
ta03,15,15,GA,1377,1218,13.05,2.0121,HEURISTIC
ta03,15,15,Tabu,1173,1218,-3.69,1.3839,HEURISTIC
ta03,15,15,CP-SAT,1218,1218,0.0,13.8489,OPTIMAL
ta04,15,15,MWKR,1946,1175,65.62,0.0032,HEURISTIC
ta04,15,15,GA,1439,1175,22.47,1.987,HEURISTIC
ta04,15,15,Tabu,1168,1175,-0.6,1.3917,HEURISTIC
ta04,15,15,CP-SAT,1175,1175,0.0,17.3564,OPTIMAL
ta05,15,15,MWKR,1725,1224,40.93,0.0033,HEURISTIC
ta05,15,15,GA,1408,1224,15.03,2.0068,HEURISTIC
ta05,15,15,Tabu,1221,1224,-0.25,1.3805,HEURISTIC
ta05,15,15,CP-SAT,1224,1224,0.0,60.0146,FEASIBLE
ta06,15,15,MWKR,1739,1238,40.47,0.0033,HEURISTIC
ta06,15,15,GA,1425,1238,15.11,2.0248,HEURISTIC
ta06,15,15,Tabu,1174,1238,-5.17,1.3923,HEURISTIC
ta06,15,15,CP-SAT,1246,1238,0.65,60.0148,FEASIBLE
ta07,15,15,MWKR,1993,1227,62.43,0.0034,HEURISTIC
ta07,15,15,GA,1510,1227,23.06,2.0076,HEURISTIC
ta07,15,15,Tabu,1239,1227,0.98,1.3863,HEURISTIC
ta07,15,15,CP-SAT,1228,1227,0.08,60.0109,FEASIBLE
ta08,15,15,MWKR,1898,1217,55.96,0.0033,HEURISTIC
ta08,15,15,GA,1418,1217,16.52,2.0215,HEURISTIC
ta08,15,15,Tabu,1159,1217,-4.77,1.3912,HEURISTIC
ta08,15,15,CP-SAT,1217,1217,0.0,60.0144,FEASIBLE
ta09,15,15,MWKR,2057,1274,61.46,0.0036,HEURISTIC
ta09,15,15,GA,1475,1274,15.78,2.0095,HEURISTIC
ta09,15,15,Tabu,1250,1274,-1.88,1.3883,HEURISTIC
ta09,15,15,CP-SAT,1274,1274,0.0,60.0171,FEASIBLE
ta10,15,15,MWKR,1828,1241,47.3,0.0033,HEURISTIC
ta10,15,15,GA,1468,1241,18.29,2.027,HEURISTIC
ta10,15,15,Tabu,1183,1241,-4.67,1.3861,HEURISTIC
ta10,15,15,CP-SAT,1241,1241,0.0,16.2428,OPTIMAL
ta11,20,15,MWKR,2225,1357,63.96,0.006,HEURISTIC
ta11,20,15,GA,1717,1357,26.53,2.5992,HEURISTIC
ta11,20,15,Tabu,1414,1357,4.2,1.8495,HEURISTIC
ta11,20,15,CP-SAT,1365,1357,0.59,60.0442,FEASIBLE
ta12,20,15,MWKR,2266,1367,65.76,0.0051,HEURISTIC
ta12,20,15,GA,1722,1367,25.97,2.6003,HEURISTIC
ta12,20,15,Tabu,1488,1367,8.85,1.8524,HEURISTIC
ta12,20,15,CP-SAT,1377,1367,0.73,60.0135,FEASIBLE
ta13,20,15,MWKR,2183,1342,62.67,0.0059,HEURISTIC
ta13,20,15,GA,1719,1342,28.09,2.6122,HEURISTIC
ta13,20,15,Tabu,1373,1342,2.31,1.854,HEURISTIC
ta13,20,15,CP-SAT,1353,1342,0.82,60.0185,FEASIBLE
ta14,20,15,MWKR,2313,1345,71.97,0.0059,HEURISTIC
ta14,20,15,GA,1728,1345,28.48,2.6651,HEURISTIC
ta14,20,15,Tabu,1363,1345,1.34,1.8556,HEURISTIC
ta14,20,15,CP-SAT,1345,1345,0.0,2.4937,OPTIMAL
ta15,20,15,MWKR,2335,1339,74.38,0.0058,HEURISTIC
ta15,20,15,GA,1689,1339,26.14,2.6395,HEURISTIC
ta15,20,15,Tabu,1436,1339,7.24,1.8468,HEURISTIC
ta15,20,15,CP-SAT,1339,1339,0.0,60.0129,FEASIBLE
ta16,20,15,MWKR,2089,1360,53.6,0.0059,HEURISTIC
ta16,20,15,GA,1773,1360,30.37,2.6441,HEURISTIC
ta16,20,15,Tabu,1499,1360,10.22,1.8507,HEURISTIC
ta16,20,15,CP-SAT,1362,1360,0.15,60.0281,FEASIBLE
ta17,20,15,MWKR,2112,1462,44.46,0.0059,HEURISTIC
ta17,20,15,GA,1828,1462,25.03,2.6073,HEURISTIC
ta17,20,15,Tabu,1470,1462,0.55,1.8531,HEURISTIC
ta17,20,15,CP-SAT,1462,1462,0.0,47.724,OPTIMAL
ta18,20,15,MWKR,2197,1396,57.38,0.0059,HEURISTIC
ta18,20,15,GA,1742,1396,24.79,2.613,HEURISTIC
ta18,20,15,Tabu,1440,1396,3.15,1.8432,HEURISTIC
ta18,20,15,CP-SAT,1414,1396,1.29,60.013,FEASIBLE
ta19,20,15,MWKR,2123,1332,59.38,0.006,HEURISTIC
ta19,20,15,GA,1820,1332,36.64,2.6272,HEURISTIC
ta19,20,15,Tabu,1439,1332,8.03,1.8507,HEURISTIC
ta19,20,15,CP-SAT,1395,1332,4.73,60.0135,FEASIBLE
ta20,20,15,MWKR,1946,1348,44.36,0.0059,HEURISTIC
ta20,20,15,GA,1741,1348,29.15,2.6604,HEURISTIC
ta20,20,15,Tabu,1468,1348,8.9,1.8474,HEURISTIC
ta20,20,15,CP-SAT,1372,1348,1.78,60.0172,FEASIBLE
ta21,20,20,MWKR,2679,1642,63.15,0.0084,HEURISTIC
ta21,20,20,GA,2167,1642,31.97,3.4317,HEURISTIC
ta21,20,20,Tabu,1724,1642,4.99,2.4639,HEURISTIC
ta21,20,20,CP-SAT,1683,1642,2.5,60.0132,FEASIBLE
ta22,20,20,MWKR,2519,1600,57.44,0.0085,HEURISTIC
ta22,20,20,GA,2022,1600,26.38,3.4402,HEURISTIC
ta22,20,20,Tabu,1730,1600,8.12,2.4782,HEURISTIC
ta22,20,20,CP-SAT,1650,1600,3.12,60.0244,FEASIBLE
ta23,20,20,MWKR,2449,1557,57.29,0.0086,HEURISTIC
ta23,20,20,GA,2063,1557,32.5,3.4465,HEURISTIC
ta23,20,20,Tabu,1672,1557,7.39,2.4752,HEURISTIC
ta23,20,20,CP-SAT,1573,1557,1.03,60.0315,FEASIBLE
ta24,20,20,MWKR,2773,1647,68.37,0.0085,HEURISTIC
ta24,20,20,GA,2142,1647,30.05,3.4284,HEURISTIC
ta24,20,20,Tabu,1822,1647,10.63,2.4688,HEURISTIC
ta24,20,20,CP-SAT,1644,1647,-0.18,60.0167,FEASIBLE
ta25,20,20,MWKR,2729,1595,71.1,0.0086,HEURISTIC
ta25,20,20,GA,2237,1595,40.25,3.4424,HEURISTIC
ta25,20,20,Tabu,1734,1595,8.71,2.4913,HEURISTIC
ta25,20,20,CP-SAT,1630,1595,2.19,60.0198,FEASIBLE
ta26,20,20,MWKR,2319,1643,41.14,0.0085,HEURISTIC
ta26,20,20,GA,2178,1643,32.56,3.4297,HEURISTIC
ta26,20,20,Tabu,1756,1643,6.88,2.4513,HEURISTIC
ta26,20,20,CP-SAT,1693,1643,3.04,60.0157,FEASIBLE
ta27,20,20,MWKR,2870,1680,70.83,0.0086,HEURISTIC
ta27,20,20,GA,2234,1680,32.98,3.4361,HEURISTIC
ta27,20,20,Tabu,1787,1680,6.37,2.4812,HEURISTIC
ta27,20,20,CP-SAT,1719,1680,2.32,60.0178,FEASIBLE
ta28,20,20,MWKR,2621,1603,63.51,0.0086,HEURISTIC
ta28,20,20,GA,2145,1603,33.81,3.4415,HEURISTIC
ta28,20,20,Tabu,1703,1603,6.24,2.4735,HEURISTIC
ta28,20,20,CP-SAT,1618,1603,0.94,60.0148,FEASIBLE
ta29,20,20,MWKR,2689,1625,65.48,0.0086,HEURISTIC
ta29,20,20,GA,2137,1625,31.51,3.4621,HEURISTIC
ta29,20,20,Tabu,1787,1625,9.97,2.5022,HEURISTIC
ta29,20,20,CP-SAT,1648,1625,1.42,60.0152,FEASIBLE
ta30,20,20,MWKR,2691,1584,69.89,0.0085,HEURISTIC
ta30,20,20,GA,2222,1584,40.28,3.4713,HEURISTIC
ta30,20,20,Tabu,1736,1584,9.6,2.4678,HEURISTIC
ta30,20,20,CP-SAT,1640,1584,3.54,60.0157,FEASIBLE
ta31,30,15,MWKR,3120,1764,76.87,0.0128,HEURISTIC
ta31,30,15,GA,2507,1764,42.12,3.824,HEURISTIC
ta31,30,15,Tabu,1977,1764,12.07,2.776,HEURISTIC
ta31,30,15,CP-SAT,1831,1764,3.8,60.0149,FEASIBLE
ta32,30,15,MWKR,3071,1796,70.99,0.0129,HEURISTIC
ta32,30,15,GA,2390,1796,33.07,3.8177,HEURISTIC
ta32,30,15,Tabu,2021,1796,12.53,2.7702,HEURISTIC
ta32,30,15,CP-SAT,1839,1796,2.39,60.0359,FEASIBLE
ta33,30,15,MWKR,2795,1831,52.65,0.0126,HEURISTIC
ta33,30,15,GA,2557,1831,39.65,3.8064,HEURISTIC
ta33,30,15,Tabu,2047,1831,11.8,2.7723,HEURISTIC
ta33,30,15,CP-SAT,1856,1831,1.37,60.0517,FEASIBLE
ta34,30,15,MWKR,3070,1829,67.85,0.0153,HEURISTIC
ta34,30,15,GA,2478,1829,35.48,4.2491,HEURISTIC
ta34,30,15,Tabu,2123,1829,16.07,3.1242,HEURISTIC
ta34,30,15,CP-SAT,1898,1829,3.77,60.0256,FEASIBLE
ta35,30,15,MWKR,3114,2007,55.16,0.0161,HEURISTIC
ta35,30,15,GA,2470,2007,23.07,4.3489,HEURISTIC
ta35,30,15,Tabu,2049,2007,2.09,3.0828,HEURISTIC
ta35,30,15,CP-SAT,2007,2007,0.0,6.7095,OPTIMAL
ta36,30,15,MWKR,2967,1819,63.11,0.0157,HEURISTIC
ta36,30,15,GA,2612,1819,43.6,4.2091,HEURISTIC
ta36,30,15,Tabu,2049,1819,12.64,3.065,HEURISTIC
ta36,30,15,CP-SAT,1837,1819,0.99,60.0189,FEASIBLE
ta37,30,15,MWKR,3144,1771,77.53,0.0154,HEURISTIC
ta37,30,15,GA,2617,1771,47.77,4.1507,HEURISTIC
ta37,30,15,Tabu,2063,1771,16.49,3.0329,HEURISTIC
ta37,30,15,CP-SAT,1823,1771,2.94,60.0356,FEASIBLE
ta38,30,15,MWKR,2463,1673,47.22,0.0142,HEURISTIC
ta38,30,15,GA,2335,1673,39.57,4.0893,HEURISTIC
ta38,30,15,Tabu,1943,1673,16.14,2.9992,HEURISTIC
ta38,30,15,CP-SAT,1743,1673,4.18,60.0278,FEASIBLE
ta39,30,15,MWKR,3175,1795,76.88,0.0152,HEURISTIC
ta39,30,15,GA,2267,1795,26.3,4.0504,HEURISTIC
ta39,30,15,Tabu,1969,1795,9.69,2.9518,HEURISTIC
ta39,30,15,CP-SAT,1795,1795,0.0,51.4016,OPTIMAL
ta40,30,15,MWKR,2940,1631,80.26,0.0152,HEURISTIC
ta40,30,15,GA,2343,1631,43.65,5.4659,HEURISTIC
ta40,30,15,Tabu,1946,1631,19.31,3.6434,HEURISTIC
ta40,30,15,CP-SAT,1778,1631,9.01,60.0218,FEASIBLE
ta41,30,20,MWKR,3206,2005,59.9,0.0194,HEURISTIC
ta41,30,20,GA,2768,2005,38.05,5.0712,HEURISTIC
ta41,30,20,Tabu,2408,2005,20.1,3.7184,HEURISTIC
ta41,30,20,CP-SAT,2128,2005,6.13,60.0212,FEASIBLE
ta42,30,20,MWKR,3411,1937,76.1,0.0189,HEURISTIC
ta42,30,20,GA,2889,1937,49.15,5.3028,HEURISTIC
ta42,30,20,Tabu,2354,1937,21.53,3.888,HEURISTIC
ta42,30,20,CP-SAT,2031,1937,4.85,60.0284,FEASIBLE
ta43,30,20,MWKR,3264,1846,76.81,0.0188,HEURISTIC
ta43,30,20,GA,2866,1846,55.25,5.0878,HEURISTIC
ta43,30,20,Tabu,2334,1846,26.44,3.7681,HEURISTIC
ta43,30,20,CP-SAT,1933,1846,4.71,60.0515,FEASIBLE
ta44,30,20,MWKR,3337,1979,68.62,0.019,HEURISTIC
ta44,30,20,GA,2891,1979,46.08,5.092,HEURISTIC
ta44,30,20,Tabu,2390,1979,20.77,3.7444,HEURISTIC
ta44,30,20,CP-SAT,2090,1979,5.61,60.0206,FEASIBLE
ta45,30,20,MWKR,3360,2000,68.0,0.0163,HEURISTIC
ta45,30,20,GA,2758,2000,37.9,4.984,HEURISTIC
ta45,30,20,Tabu,2269,2000,13.45,3.7442,HEURISTIC
ta45,30,20,CP-SAT,2051,2000,2.55,60.0188,FEASIBLE
ta46,30,20,MWKR,3326,2011,65.39,0.0164,HEURISTIC
ta46,30,20,GA,2977,2011,48.04,4.9938,HEURISTIC
ta46,30,20,Tabu,2358,2011,17.26,3.7178,HEURISTIC
ta46,30,20,CP-SAT,2108,2011,4.82,60.0328,FEASIBLE
ta47,30,20,MWKR,3050,1903,60.27,0.0167,HEURISTIC
ta47,30,20,GA,2889,1903,51.81,4.9343,HEURISTIC
ta47,30,20,Tabu,2347,1903,23.33,3.6832,HEURISTIC
ta47,30,20,CP-SAT,1986,1903,4.36,60.0173,FEASIBLE
ta48,30,20,MWKR,3452,1952,76.84,0.019,HEURISTIC
ta48,30,20,GA,2914,1952,49.28,5.043,HEURISTIC
ta48,30,20,Tabu,2271,1952,16.34,3.7623,HEURISTIC
ta48,30,20,CP-SAT,2043,1952,4.66,60.0454,FEASIBLE
ta49,30,20,MWKR,3207,1968,62.96,0.0236,HEURISTIC
ta49,30,20,GA,2775,1968,41.01,5.1883,HEURISTIC
ta49,30,20,Tabu,2334,1968,18.6,3.7657,HEURISTIC
ta49,30,20,CP-SAT,2089,1968,6.15,60.0133,FEASIBLE
ta50,30,20,MWKR,3044,1926,58.05,0.0162,HEURISTIC
ta50,30,20,GA,2827,1926,46.78,5.0281,HEURISTIC
ta50,30,20,Tabu,2287,1926,18.74,3.7899,HEURISTIC
ta50,30,20,CP-SAT,2050,1926,6.44,60.0231,FEASIBLE
ta51,50,15,MWKR,4468,2760,61.88,0.0341,HEURISTIC
ta51,50,15,GA,3879,2760,40.54,6.1629,HEURISTIC
ta51,50,15,Tabu,3134,2760,13.55,4.6296,HEURISTIC
ta51,50,15,CP-SAT,2801,2760,1.49,60.0552,FEASIBLE
ta52,50,15,MWKR,4474,2756,62.34,0.0302,HEURISTIC
ta52,50,15,GA,3748,2756,35.99,6.2112,HEURISTIC
ta52,50,15,Tabu,3039,2756,10.27,4.6832,HEURISTIC
ta52,50,15,CP-SAT,2779,2756,0.83,60.0375,FEASIBLE
ta53,50,15,MWKR,3830,2717,40.96,0.0303,HEURISTIC
ta53,50,15,GA,3598,2717,32.43,6.2495,HEURISTIC
ta53,50,15,Tabu,3075,2717,13.18,4.6345,HEURISTIC
ta53,50,15,CP-SAT,2717,2717,0.0,39.2573,OPTIMAL
ta54,50,15,MWKR,4419,2839,55.65,0.0273,HEURISTIC
ta54,50,15,GA,3742,2839,31.81,6.1717,HEURISTIC
ta54,50,15,Tabu,3051,2839,7.47,4.6435,HEURISTIC
ta54,50,15,CP-SAT,2839,2839,0.0,16.4223,OPTIMAL
ta55,50,15,MWKR,4978,2679,85.82,0.0313,HEURISTIC
ta55,50,15,GA,3618,2679,35.05,6.2177,HEURISTIC
ta55,50,15,Tabu,3087,2679,15.23,4.6884,HEURISTIC
ta55,50,15,CP-SAT,2745,2679,2.46,60.0427,FEASIBLE
ta56,50,15,MWKR,4525,2781,62.71,0.0323,HEURISTIC
ta56,50,15,GA,3744,2781,34.63,6.2354,HEURISTIC
ta56,50,15,Tabu,3139,2781,12.87,4.6411,HEURISTIC
ta56,50,15,CP-SAT,2787,2781,0.22,60.0491,FEASIBLE
ta57,50,15,MWKR,4595,2943,56.13,0.0305,HEURISTIC
ta57,50,15,GA,3858,2943,31.09,6.2535,HEURISTIC
ta57,50,15,Tabu,3170,2943,7.71,4.6505,HEURISTIC
ta57,50,15,CP-SAT,2943,2943,0.0,22.9096,OPTIMAL
ta58,50,15,MWKR,4380,2885,51.82,0.0328,HEURISTIC
ta58,50,15,GA,3938,2885,36.5,6.2412,HEURISTIC
ta58,50,15,Tabu,3275,2885,13.52,4.6148,HEURISTIC
ta58,50,15,CP-SAT,2918,2885,1.14,60.0218,FEASIBLE
ta59,50,15,MWKR,4220,2655,58.95,0.0354,HEURISTIC
ta59,50,15,GA,3571,2655,34.5,6.2899,HEURISTIC
ta59,50,15,Tabu,3018,2655,13.67,4.6453,HEURISTIC
ta59,50,15,CP-SAT,2674,2655,0.72,60.0837,FEASIBLE
ta60,50,15,MWKR,4560,2723,67.46,0.0286,HEURISTIC
ta60,50,15,GA,3770,2723,38.45,6.1952,HEURISTIC
ta60,50,15,Tabu,3100,2723,13.85,4.6439,HEURISTIC
ta60,50,15,CP-SAT,2723,2723,0.0,53.7434,OPTIMAL
ta61,50,20,MWKR,4577,3045,50.31,0.0493,HEURISTIC
ta61,50,20,GA,4192,3045,37.67,8.2879,HEURISTIC
ta61,50,20,Tabu,3700,3045,21.51,6.2561,HEURISTIC
ta61,50,20,CP-SAT,3034,3045,-0.36,60.0374,FEASIBLE
ta62,50,20,MWKR,4667,2869,62.67,0.0507,HEURISTIC
ta62,50,20,GA,4281,2869,49.22,8.4306,HEURISTIC
ta62,50,20,Tabu,3631,2869,26.56,6.2479,HEURISTIC
ta62,50,20,CP-SAT,3081,2869,7.39,60.0694,FEASIBLE
ta63,50,20,MWKR,4452,3003,48.25,0.0402,HEURISTIC
ta63,50,20,GA,4051,3003,34.9,8.1934,HEURISTIC
ta63,50,20,Tabu,3589,3003,19.51,6.2254,HEURISTIC
ta63,50,20,CP-SAT,2880,3003,-4.1,60.0332,FEASIBLE
ta64,50,20,MWKR,4377,2755,58.87,0.0475,HEURISTIC
ta64,50,20,GA,4208,2755,52.74,8.2034,HEURISTIC
ta64,50,20,Tabu,3483,2755,26.42,6.202,HEURISTIC
ta64,50,20,CP-SAT,2823,2755,2.47,60.0263,FEASIBLE
ta65,50,20,MWKR,4536,2725,66.46,0.0476,HEURISTIC
ta65,50,20,GA,4258,2725,56.26,8.201,HEURISTIC
ta65,50,20,Tabu,3510,2725,28.81,6.2212,HEURISTIC
ta65,50,20,CP-SAT,2893,2725,6.17,60.0307,FEASIBLE
ta66,50,20,MWKR,4972,2845,74.76,0.0483,HEURISTIC
ta66,50,20,GA,4409,2845,54.97,8.2305,HEURISTIC
ta66,50,20,Tabu,3560,2845,25.13,6.2124,HEURISTIC
ta66,50,20,CP-SAT,2985,2845,4.92,60.0435,FEASIBLE
ta67,50,20,MWKR,4935,2825,74.69,0.0525,HEURISTIC
ta67,50,20,GA,4279,2825,51.47,8.7911,HEURISTIC
ta67,50,20,Tabu,3575,2825,26.55,6.5996,HEURISTIC
ta67,50,20,CP-SAT,2935,2825,3.89,60.0438,FEASIBLE
ta68,50,20,MWKR,4560,2784,63.79,0.0515,HEURISTIC
ta68,50,20,GA,4329,2784,55.5,8.3566,HEURISTIC
ta68,50,20,Tabu,3565,2784,28.05,6.2261,HEURISTIC
ta68,50,20,CP-SAT,2903,2784,4.27,60.0395,FEASIBLE
ta69,50,20,MWKR,4819,3071,56.92,0.0474,HEURISTIC
ta69,50,20,GA,4376,3071,42.49,8.9174,HEURISTIC
ta69,50,20,Tabu,3689,3071,20.12,6.2585,HEURISTIC
ta69,50,20,CP-SAT,3166,3071,3.09,60.059,FEASIBLE
ta70,50,20,MWKR,4879,2995,62.9,0.0486,HEURISTIC
ta70,50,20,GA,4221,2995,40.93,8.2119,HEURISTIC
ta70,50,20,Tabu,3577,2995,19.43,6.23,HEURISTIC
ta70,50,20,CP-SAT,3145,2995,5.01,60.0801,FEASIBLE
ta71,100,20,MWKR,8021,5464,46.8,0.1563,HEURISTIC
ta71,100,20,GA,7572,5464,38.58,16.0486,HEURISTIC
ta71,100,20,Tabu,6921,5464,26.67,12.5422,HEURISTIC
ta71,100,20,CP-SAT,5825,5464,6.61,60.0403,FEASIBLE
ta72,100,20,MWKR,7645,5181,47.56,0.1723,HEURISTIC
ta72,100,20,GA,7371,5181,42.27,16.0766,HEURISTIC
ta72,100,20,Tabu,6719,5181,29.69,12.4957,HEURISTIC
ta72,100,20,CP-SAT,5435,5181,4.9,60.0906,FEASIBLE
ta73,100,20,MWKR,8170,5568,46.73,0.1594,HEURISTIC
ta73,100,20,GA,7542,5568,35.45,16.0749,HEURISTIC
ta73,100,20,Tabu,6703,5568,20.38,12.4178,HEURISTIC
ta73,100,20,CP-SAT,5866,5568,5.35,60.1174,FEASIBLE
ta74,100,20,MWKR,8044,5339,50.66,0.1649,HEURISTIC
ta74,100,20,GA,7710,5339,44.41,16.3554,HEURISTIC
ta74,100,20,Tabu,6786,5339,27.1,13.7291,HEURISTIC
ta74,100,20,CP-SAT,5525,5339,3.48,60.0406,FEASIBLE
ta75,100,20,MWKR,8467,5392,57.03,0.1818,HEURISTIC
ta75,100,20,GA,7615,5392,41.23,16.9939,HEURISTIC
ta75,100,20,Tabu,6817,5392,26.43,12.6254,HEURISTIC
ta75,100,20,CP-SAT,5817,5392,7.88,60.0426,FEASIBLE
ta76,100,20,MWKR,7991,5342,49.59,0.1711,HEURISTIC
ta76,100,20,GA,7701,5342,44.16,16.0193,HEURISTIC
ta76,100,20,Tabu,6802,5342,27.33,12.3946,HEURISTIC
ta76,100,20,CP-SAT,5606,5342,4.94,60.038,FEASIBLE
ta77,100,20,MWKR,8334,5436,53.31,0.1687,HEURISTIC
ta77,100,20,GA,7475,5436,37.51,16.0567,HEURISTIC
ta77,100,20,Tabu,6979,5436,28.38,12.4447,HEURISTIC
ta77,100,20,CP-SAT,5656,5436,4.05,60.1141,FEASIBLE
ta78,100,20,MWKR,7910,5394,46.64,0.1536,HEURISTIC
ta78,100,20,GA,7657,5394,41.95,16.0385,HEURISTIC
ta78,100,20,Tabu,6739,5394,24.94,12.3887,HEURISTIC
ta78,100,20,CP-SAT,5593,5394,3.69,60.0349,FEASIBLE
ta79,100,20,MWKR,7866,5358,46.81,0.1688,HEURISTIC
ta79,100,20,GA,7575,5358,41.38,16.0275,HEURISTIC
ta79,100,20,Tabu,6683,5358,24.73,12.3948,HEURISTIC
ta79,100,20,CP-SAT,5545,5358,3.49,60.0337,FEASIBLE
ta80,100,20,MWKR,7955,5183,53.48,0.189,HEURISTIC
ta80,100,20,GA,7553,5183,45.73,16.7067,HEURISTIC
ta80,100,20,Tabu,6781,5183,30.83,12.9921,HEURISTIC
ta80,100,20,CP-SAT,5409,5183,4.36,60.1146,FEASIBLE
yn1,20,20,MWKR,1296,884,46.61,0.0065,HEURISTIC
yn1,20,20,GA,1183,884,33.82,3.3662,HEURISTIC
yn1,20,20,Tabu,973,884,10.07,2.4799,HEURISTIC
yn1,20,20,CP-SAT,907,884,2.6,60.0133,FEASIBLE
yn2,20,20,MWKR,1393,904,54.09,0.0073,HEURISTIC
yn2,20,20,GA,1231,904,36.17,3.5114,HEURISTIC
yn2,20,20,Tabu,988,904,9.29,2.4577,HEURISTIC
yn2,20,20,CP-SAT,929,904,2.77,60.0146,FEASIBLE
yn3,20,20,MWKR,1369,892,53.48,0.0074,HEURISTIC
yn3,20,20,GA,1213,892,35.99,3.3586,HEURISTIC
yn3,20,20,Tabu,971,892,8.86,2.4599,HEURISTIC
yn3,20,20,CP-SAT,911,892,2.13,60.0138,FEASIBLE
yn4,20,20,MWKR,1575,968,62.71,0.0074,HEURISTIC
yn4,20,20,GA,1297,968,33.99,3.371,HEURISTIC
yn4,20,20,Tabu,1021,968,5.48,2.5131,HEURISTIC
yn4,20,20,CP-SAT,990,968,2.27,60.0122,FEASIBLE
